term,gloss,is_phrase,repaired,original_key
აწ,"აწე ახლა; აწეღა აი ახლა, ეს-ეს არის; აწყა აწღა, მხოლოდ ახლა, ახლა",False,False,
დამტკიცებულად,"ნამდვილად, ჭეშმარიტად",False,False,
აღსასრული,გარდაცვალება,False,False,
კარად სამეფოდ,სამეფო კარი,True,False,
პიტიახში,ერისთავი ქვეყნის გარკვეული ნაწილის მმართველი,False,False,
პირველ,ადრე,False,False,
ქრისტიანე,ქრისტიანი.,False,False,
სპაჲპეტისაჲ,სარდალი,False,False,
რომლისათჳს ესე,რომლის შესახებაც,True,False,
ვთქუთ,ვთქვით,False,False,
სიყრმითგან თჳსით,თავისი ბავშვობიდანვე,True,False,
მარადის,მუდამ,False,False,
გულს ეტყჳნ,წუხდა ხოლმე,True,False,
რაჲთამცა ცვალა,რომ შეცვალოს,True,False,
იქმნამცა,იქნეს.,False,False,
საწყალობელისა,შესაბრალისისა,False,False,
ვითარმე ვინ თქუას,ვინ უნდა თქვას,True,False,
ყოვლად განწირული,სრულიად განწირული,True,False,
ვითარ,"როგორ, როგორც",False,False,
განაგდო,მიატოვა,False,False,
სასოებაჲ,იმედი,False,False,
სტიროდის მას,დაიტირებს მას,True,False,
რომელსა,რომელსაც,False,False,
ჭირი,"გასაჭირი, განსაცდელი",False,False,
ეხილვა,ენახა,False,False,
პყრობილებაჲ,პატიმრობა,False,False,
ქრისტჱსთჳს,ქრისტეს გამო.,False,False,
რაჟამს,როცა,False,False,
პატივისა მიღება,თანამდებობის მიღება,True,False,
უვარის,ყოფა - უარყოფა,False,False,
ყოვლით კერძოვე,"ყოველმხრივ, მთლიანად, სრულიად",True,False,
ესრეთ,"ასე, ამგვარად",False,False,
ეტყოდა,ეუბნებოდა,False,False,
ვითარმედ,რომ,False,False,
რომელი-იგი,"რომელიც, რაც",True,True,რომელი
ბუნებითი,კანონიერი,False,False,
იგინი,მათ,False,False,
ესრევე,ასევე,False,False,
მოვაქცინე,მოვაქცევ,False,False,
ვითარცა-ესე,როგორც,True,True,ვითარცა
უქადებდა,ჰპირდებოდა,False,False,
რომელი,იგი არა აქუნდა ჴელთა შუშანიკისგან - რის თანხმობაც შუშანიკისგან არ გააჩნდა,False,False,
მოიწია,მოვიდა,False,False,
ზრახვა-ყო,განიზრახა,True,True,ზრახვა
რაჲთა აუწყოს,რომ გააგებინოს,True,False,
წინამიეგებნენ,"შეეგებონ, შეხვდნენ",False,False,
აზნაური,დიდი ფეოდალი,False,False,
ძე,ვაჟიშვილი,False,False,
ვითარცა,"როგორც, როცა",False,False,
სოფლად შევიდეს,"ქვეყნად შევიდეს, დაბრუნდეს ქვეყანაში",True,False,
წარმოჰმართა,გამოგზავნა,False,False,
სადიასპანო,საელჩო,False,False,
კითხვაჲ ჰრქუა,"მოიკითა, მიესალმა",True,False,
უკუეთუ,თუ,False,False,
ცხოველი,ცოცხალი,False,False,
ცოცხალმცა ხართ,"ცოცხალი იყავით, იცოცხლეთ",True,False,
მოკითხვაჲ,სალამი,False,False,
შენდავე მოიქეცინ,შენვე დაგიბრუნდეს,True,False,
ვერ იკადრა სიტყუად მისა,ვერ გაბედა მისთვის თქმა,True,False,
აფუცებდა,აფიცებდა,False,False,
ჰკითხავდა,ეკითხებოდა,False,False,
ჰრქუა,უთხრა,False,False,
ვითარმედ,რომ,False,False,
უვარ-ყო,უარყო,True,True,უვარ
ქუეყანა,მიწა,False,False,
დამართ,დაბლა,False,False,
იტყოდა,ამბობდა,False,False,
ატროშანი,"აქ: ცეცხლთაყვანისმცემლობა, მაზდეანობა",False,False,
შეერთო,შეუერთდა,False,False,
ტაძარი,სასახლე,False,False,
ეკლესიად შევიდა,ეკლესიაში შევიდა,True,False,
თანამიიყვანა,მიიყვანა,False,False,
წარადგინნა იგინი,დააყენა ისინი,True,False,
საკურთხეველი,სამსხვერპლო,False,False,
ესრეთ ილოცვიდა,ასე ლოცულობდა,True,False,
შენ დაიცვენ ესენი,დაიცავი ესენი,True,False,
განათლებული,მონათლული,False,False,
ემბაზი,"ადგილი, სადაც ნათლავენ, ჭურჭელი, რაშიც ნათლავენ",False,False,
ყოფად ერთ სამწყსო ერთისა მწყემსისა,რომ იქნენ ერთი მწყემსის (ქრისტეს) სამწყსო (მრევლი),True,False,
ვითარცა,"როგორც, როცა",False,False,
მწუხრისა ჟამი,საღამოს ლოცვა,True,False,
აღასრულეს,დაამთავრეს,False,False,
მუნ შინა,მასში,True,False,
სიმწარითა სავსე,"დარდით სავსე, დამწუხრებული",True,False,
მიეყრდნა ყურესა ერთსა,"კუთხეში დადგა, ერთ კუთხეს მიეყრდნო",True,False,
არა მუნ იყო,იქ არ იყო ვანი - სამყოფელი,True,False,
კითხვად რაჲსმე სიტყჳსა,რაღაცის საკითხავად,True,False,
თანავჰყვანდი,წაყვანილი ვყავდი,False,False,
მყის,"მაშინვე, სწრაფად",False,False,
დიაკონი,ეკლესიის მსახური,False,False,
შინაჲთ,შინიდან,False,False,
აღვივსენით მწუხარებითა,დიდად დავმწუხრდით,True,False,
ვტიროდეთ,ვტიროდით,False,False,
ცოდვათა ჩუენთა წარმოჩინებისათჳს,"ვარსქენის დანაშაულს ხსნის ავტორი იმ დროის საზოგადოების ცოდვებით: ჩვენ რომ ცოდვილნი ვართ, იმიტომაც შეცდაო ვარსქენი",True,False,
ვტიროდე,ვტიროდი,False,False,
ვარქუ,ვუთხარი,False,False,
ღუაწლი დიდი,"დიდი შრომა, მძიმე საქმე, განსაცდელი",True,False,
შესლვად ხარ,შეხვალ,True,False,
ეკრძალე სარწმუნოებასა ქრისტჱსსა,მოერიდე (გაუფრთხილდი) ქრისტეს სარწმუნოებას,True,False,
ნუუკუე,"რომ, ეგებ",False,False,
მტერი,ეშმაკი,False,False,
სრსჳლი,სირსველი,False,False,
საძოვარი პოოს შენ თანა,რომ არ შეცდე (რომ არ უარყო ქრისტიანობა),True,False,
ეგრჱთ არს,ეგრე არის,True,False,
მრქუა,მითხრა,False,False,
ჩემდა მარტოჲსა,მხოლოდ ჩემთვის,True,False,
ვარქუ,ვუთხარი,False,False,
ჩუენი არა ხოლო თუ დედოფალი ოდენ იყავ,არა მარტო ჩვენი დედოფალი იყავი,True,False,
გუხედევდ,გვივლიდი,False,False,
ვითარ გეგულების,როგორც ფიქრობ,True,False,
რაჲთა უწყოდი,რომ ვიცოდე,True,False,
მკითხავ,მეკითხები,False,False,
მტკიცედ სდგაა?,მტკიცედ სდგახარ? მტკიცედ გწამს?,True,False,
ნუ იყოფინ ჩემდა,"ნუ დამემართება, მომივა",True,False,
თუმცა ვეზიარე,რომ შევუერთდე,True,False,
მწარე გონებაჲ აქუს მას,მძიმე (ბოროტი) ბუნება აქვს,True,False,
გუემა,ცემა,False,False,
შეგაგდოს,ჩაგაგდებს,False,False,
უმჯობჱს არს,უმჯობესია,True,False,
ჩემდა,"ჩემთვის, ჩემკენ",False,False,
ჴელთა მისთაგან,მისგან,True,False,
ჩემი და მისი შეკრებაჲ,მასთან ჩემი შეთანხმება,True,False,
წარწყმედაჲ,დაღუპვა,False,False,
რამეთუ,"რომ, რადგანაც",False,False,
მასმიეს,გამიგონია,False,False,
განეყენენ,"გამშორდეს, მოშორდეს",False,False,
ვთქუ,ვთქვი,False,False,
ესევითარი,ასეთი,False,False,
სახლი მშჳდობისაჲ,წყნარი ოჯახი,True,False,
ვითარ,"როგორ, როგორც",False,False,
საწყალობელ იქმნა,საცოდავი გახდა,True,False,
ზრახვითა იყო იგი ვარსქენისათა,ვარსქენის თანამოაზრე იყო,True,False,
ზაკუვით იტყოდა,მოსატყუებლად ამბობდა,True,False,
უნდა,უნდოდა,False,False,
მონადირება,მოტყუება,False,False,
ცნა,"გაიგო, მიხვდა",False,False,
ზრახვაჲ,განზრახვა,False,False,
მოიზღუდა თავი მისი მტკიცედ,შორს დაიჭირა თავი,True,False,
მიცნობიეს,შემიტყვია,False,False,
გეტყჳ,გეუბნები,False,False,
ფიცხელი სიტყუა,სასტიკი სიტყვა,True,False,
რამეთუ დედათა ბუნებაჲ იწრო არს,ქალის ბუნება ნაზია,True,False,
გჳწოდა,დაგვიძახა,False,False,
ხუცესი,მღვდელი (სასულიერო პირი),False,False,
სიხარულით შეგჳმთხჳნა,სიხარულით გადაგვეხვია (შეგვხვდა),True,False,
გურქუა,გვითხრა,False,False,
ნუცაღა,ნუ,False,False,
გძაგ,გეჯავრები,False,False,
წარსწყმიდე,დაიღუპე,False,False,
წარგუწყმიდენ,დაგვღუპე,False,False,
მაშინღა,"მაშინ უკვე, მხოლოდ მაშინ",False,False,
იწყო სიტყუად,დაიწყო ლაპარაკი,True,False,
რაჲსა,რატომ,False,False,
ჴელ-იწიფა,გაბედა,True,True,ჴელ
ესევითარისა საქმედ,ამისთანა საქმის გაკეთება,True,False,
აწ მივედით და არქუთ,ახლა მიდით და უთხარით,True,False,
ვითარმედ,რომ,False,False,
შენ ჩემი ხატი დაამჴუ და საგებელსა ჩემსა ნაცარი გარდაასხ,შენ ჩემი მეუღლეობა უარყავი და ჩემს სარეცელს ნაცარი გადააყარე,True,False,
დაგიტევებიეს,მიგიტოვებია,False,False,
სხუად წარსრულ ხარ,სხვაგან წასულხარ,True,False,
აღჰმართნა სამარტჳლენი და ეკლესიანი აღაშჱნნა,ააშენა ეკლესიები,True,False,
საქმენი განჰრყუნენ,საქმეები გააფუჭე,True,False,
წმიდანი შემოიხუნა სახიდ თჳსა,თავის სახლში წმინდანები შემოიყვანა (აქ: სიწმინდე შემოიტანა),True,False,
დევნი შემოიხუენ,ეშმაკები შემოიყვანე (აქ: უწმინდურება შემოიტანე),True,False,
ჰრწმენა,ირწმუნა,False,False,
ვითარცა,"როგორც, როცა",False,False,
შემოქმედი,შემქნელი (აქ: ღმერთი),False,False,
შეურაცხ–გყავ,არად ჩაგაგდე,False,False,
მრავალი ტანჯვაჲ მოაწიო ჩემ ზედა,ძლიერ დამტანჯავ,True,False,
მიუთხართ,ვუამბეთ,False,False,
მან განიწყო გული,განრისხდა,True,False,
იბრდღუენდა მისთჳს,ამის გამო მძვინვარებდა,True,False,
ძმისცოლი,რძალი,False,False,
აღდეგ და მოვედ,ადექი და მოდი,True,False,
უკუეთუ არა,თუ არა,True,False,
თრევით მოგითრიო,მოგათრევ,True,False,
შევიდეს წინაშე დედოფლისა,შევიდნენ დედოფალთან,True,False,
მრავალსა დასაჯერებელსა სიტყუასა ეტყოდეს,ძლიერ ცდილობდნენ დაეთანხმებინათ,True,False,
კეთილად იტყჳთ,კარგად ლაპარაკობთ,True,False,
გარნა ნუ დაგიჯერებიეს,მაგრამ ნუ გჯერათ,True,False,
თუმცა მე მისა ცოლადღა ვიყავ,რომ მე მისი ცოლი ვიქნები კიდევ,True,False,
მეგონა მე,ვფიქრობდი,True,False,
ვითარმედ,რომ,False,False,
ჩემდა,"ჩემთვის, ჩემკენ",False,False,
შემდგომად ორისა დღისა,ორი დღის შემდეგ,True,False,
პური ვჭამოთ,ვჭამთ,True,False,
ნუ ვის უფლიედ ჩუენ თანა შემოსლვად,ნუ ვინ შემოვა ჩვენთან,True,False,
შემწუხრდა,შეღამდა,False,False,
მოუწოდეს,მოიწვიეს,False,False,
რაჲთამცა მოიყვანეს,რომ მოეყვანათ,True,False,
ჟამი პურისაჲ,ჭამის დრო,True,False,
რაჲთამცა მასცა აჭამეს,რომ მასაც აჭამონ,True,False,
ძლით,ძალით,False,False,
გემოჲ არა რაჲსაჲ იხილა,არაფერი ჭამა,True,False,
რაჲთამცა იგი ხოლო შესუა,რომ მხოლოდ ის დაელია,True,False,
რისხვით,მრისხანედ,False,False,
ოდეს,"როდის, როცა",False,False,
ყოფილ არს,ყოფილა,True,False,
თუმცა მამათა და დედათა ერთად ეჭამა პური,რომ მამაკაცებსა და ქალებს ერთად ეჭამათ,True,False,
განყარა ჴელი,ხელი გაიქნია,True,False,
დაითხია,დაიღვარა,False,False,
იწყო,დაიწყო,False,False,
უჯეროსა გინებად,უხამსო გინება,True,False,
ფერჴითა,ფეხით,False,False,
დასთრგუნვიდა,"თელავდა, სცემდა",False,False,
ასტამი,ნაკვერჩხლის და ნაცრის გამოსაჩხრეკი,False,False,
ჩაჰფლა,ჩაარტყა,False,False,
დაუბუშტა,დაუსივა,False,False,
ყიოდა,"ყვიროდა, ღმუოდა",False,False,
იზახდა,ყვიროდა,False,False,
ვითარცა ცოფი,როგორც გიჟი,True,False,
შუელად აღდგა,მოეშველა,True,False,
გუემა იგიცა,სცემა მასაც,True,False,
მოხეთქა,დაარტყა,False,False,
ჭირით,გაჭირვებით,False,False,
გამოუღო,გამოჰგლიჯა,False,False,
თესლ,"ტომი - ჯიში, შთამომავლობა",False,False,
სახლისა მაოჴრებელი,"ოჯახის დამქცევი, ამაოხრებელი",True,False,
სახელ–სდებდა,უწოდებდა,False,False,
ბორკილთა შესხმაჲ,ბორკილების დადება,True,False,
რაჲთამცა საკრველთა მათგან განეტევა,რომ ბორკილთაგან გაეთავისუფლებინა,True,False,
განტევებაჲ,გათავისუფლება,False,False,
კრძალულად დაცვაჲ,საიდუმლოდ დაცვა,True,False,
ვითარმედ,რომ,False,False,
ვითარ არს,როგორ არის,True,False,
ვერ განსარინებელ არს,ვერ გადარჩება,True,False,
თჳთ,თვითონ,False,False,
დაუკჳრდა,გაუკვირდა,False,False,
ნუმცა ვინ შევალს ხილვად მისა,ნუვინ შევა მის სანახავად,True,False,
ნადირობად წარვიდა,სანადიროდ წავიდა,True,False,
უუკუე ცნას,რომ გაიგოს,True,False,
თუცა,თუნდაც,False,False,
მისთჳს,მის გამო,False,False,
ხატი,სახე,False,False,
დაბძარული,დახეთქილი,False,False,
აღუტევე ჴმაჲ და ვტიროდე,ხმამაღლა ვტიროდი,True,False,
დასაბამი,დასაწყისი,False,False,
შთახუეულ,ჩაყრილი,False,False,
სალბუნი,მალამო,False,False,
"ჰე, ღა-მე",თუ - ეგებ,True,True,"ჰე, ღა"
რამეთუ,"რომ, რადგანაც",False,False,
მოეძღუანა,გამოეგზავნა,False,False,
იღუწიდეს,ზრუნავდნენ,False,False,
ხუცეს,მღვდელო (წოდებით ბრუნვა),False,False,
ძალ-მიც,შემიძლია,True,True,ძალ
გემოჲს-ხილვად,აქ: ჭამა,True,True,გემოჲს
შთამუსრვილი,ჩამტვრეული,False,False,
ვისწრაფდი გამოსვლად,ვჩქარობდი გამოვსულიყავი,True,False,
ნუუკუე ითხოვდეს,ეგებ ითხოვდეს,True,False,
არღარად მეჴმარების,აღარაფრად მესაჭიროება,True,False,
ისწრაფი,ჩქარობ,False,False,
იყოს შენ თანა,გქონდეს,True,False,
ჩუენღა ამას განვიზრახევდით,ვიდრე ჩვენ ამას ვლაპარაკობდით,True,False,
ყრმაჲ,მსახური,False,False,
რაჲ გინებს,რა გინდა,True,False,
უწესს,"ეძახის, იწვევს",False,False,
დამიკჳრდა,გამიკვირდა,False,False,
რაჲსამე,რატომ,False,False,
მიწესს,"მეძახის, მიწვევს",False,False,
ამას ჟამსა,ამ დროს,True,False,
მივისწრაფე,სწრაფად წამოვედი,False,False,
"უწყია, ხუცეს","იცი, მღვდელო",True,False,
ბრძოლად წარვალ,საბრძოლველად მივდივარ,True,False,
ჰონები,იმიერკავკასიელი მომთაბარე ტომები,False,False,
ოდეს,"როდის, როცა",False,False,
იპოოს ვინმე,აღმოჩნდება ვინმე,True,False,
რომელმან განკაფოს,ვინც გაცვეთს (აქ: ვინც მოიხმარს),True,False,
მომართუ,მომართვი,False,False,
უთხარ,ვუთხარი,False,False,
მადლი მისცა ღმერთსა,ღმერთს მადლობა შესწირა,True,False,
ყოველივე მომიძღუანა,ყველაფერი გამატანა,True,False,
აღიხილა,გასინჯა,False,False,
იპოვა ყოველი გებულად,ყველაფერი უკლებლივ აღმოჩნდა,True,False,
რომელმან ესე შეიმკოს,ვინც ამას შეიმკობს,True,False,
იძია,მოძებნა,False,False,
მუნ დაეყუდა,იქ გაჩერდა,True,False,
დაყო,ამოქოლა,False,False,
საკუთარი,მახლობელი,False,False,
აღვსება,აღდგომა,False,False,
ეშმაკი თხრიდა გულსა მისსა,ეშმაკი აღაგზნებდა (აღაშფოთებდა),True,False,
მივიდა ეკლესიად,მივიდა ეკლესიაში,True,False,
ეტყოდა,ეუბნებოდა,False,False,
გამომეც,მომეცი,False,False,
რაჲსა ეგრე იქმ,რატომ აკეთებ მაგას?,True,False,
ბოროტი,ცუდი,False,False,
რისხვით ეტყჳ,მრისხანედ ელაპარაკები,True,False,
უხეთქნა,"დასცხო, დაარტყა",False,False,
იკადრა სიტყუად,გაბედა ლაპარაკი,True,False,
ეკლესიით ვიდრე ტაძრადმდე,ეკლესიიდან სასახლემდე,True,False,
კუბასტი,სამოსელი,False,False,
წულილ-წულილად,წვრილ–წვრილად,True,True,წულილ
მოიყვანეს იგი ტაძრად,მოიყვანეს სასახლეში,True,False,
იტყოდა,ამბობდა,False,False,
აჰა ეგერა,აი,True,False,
გერგო,გამოგადგა,False,False,
ვითარცა სცეს,როცა დაარტყეს,True,False,
არარაჲ აღმოჴდა პირსა მისსა,პირიდან არაფერი ამოსცდენია,True,False,
მაშინღა,"მაშინ უკვე, მხოლოდ მაშინ",False,False,
ურჩულო,უშჯულო,False,False,
უბადოო,უბედურო’ შენ მემცა შემიწყალეა?! - შენ შემიცოდებ?!,False,False,
ამოსდიოდა,ჩამოსდიოდა,False,False,
უბრძანა დადებად,"უბრძანა, დაედოთ",True,False,
სენაკაპანი,ციხის მცველი,False,False,
ტაძრით,ეკლესიიდან,False,False,
უნდა,უნდოდა,False,False,
რაჲთამცა ჰრქუა,რომ ეთქვა,True,False,
თუალი ჰკიდა,თვალი მოჰკრა,True,False,
სხუაჲ ვერღარაჲ სცალდა სიტყუად,მეტის თქმა ვეღარ დასცალდა,True,False,
ესთენ ოდენ,მხოლოდ ესღა,True,False,
დადუმნა,გაჩუმდა,False,False,
სივლტოლად იწყო სწრაფით,სწრაფად გაიქცა,True,False,
თმაგარდატევებული,თმებჩამოშლილი,False,False,
შეურაცხთაგანი,"მდაბიო, უბრალო",False,False,
იკადრა,გაბედა,False,False,
დაბურვა,დახურვა,False,False,
მჴედრ შეუდგა უკუანა,ამხედრებული მისდევდა,True,False,
იჴაჴდეს,იკაწრავდნენ,False,False,
საწყალობელად,შესაბრალისად,False,False,
დასთხევდეს ცრემლთა,ცრემლს ღვრიდნენ,True,False,
შუშანიკისთჳს,შუშანიკის გამო,False,False,
უკმოჰხედნა,მოხედა,False,False,
ჯმნულმცა ვარ მე თქუენგან ამიერითგან,ამიერიდან გშორდებით,True,False,
მიხილოთ,მნახავთ,False,False,
ციხით,ციხიდან,False,False,
მჴედრ მიმოდასდევნინ,ამხედრებული დასდევდა,True,False,
მეოტ-ჰყოფნ,"დევნიდა, არბევდა",True,True,მეოტ
მიიწინეს,მიაღწიეს,False,False,
გამოსლვად ხარ,გამოხვალ,True,False,
შენდა ეგდენ ყოფად არს ფერჴითა შენითა სლვაჲ,ფეხით სავალი ეგღა დაგრჩა,True,False,
გარნა თუ ოთხთა გამოგიღონ,არამედ ოთხი გამოგიტანს (მკვდარს),True,False,
ვიტანჯო,დავიტანჯები,False,False,
მუნ განვისუენო,იქ ვიშვები,True,False,
"ჰე, ჰე","დიახ, დიახ",True,False,
ეტყოდა,ეუბნებოდა,False,False,
გეტყჳ,გეუბნები,False,False,
იხილენით თავნი თქუენნი,მიჰხედეთ თქვენს თავს,True,False,
უბრალომცა ვარ,უდანაშაულო ვიქნები,True,False,
რაჲ გიყო,რასაც გიზამთ,True,False,
მოუწოდა,დაუძახა,False,False,
აქამომდე ცოცხალღა არსა,აქამდე ცოცხალია,True,False,
უფალო,ბატონო,False,False,
სიკუდილდ კერძო,სიკვდილისაკენ,True,False,
საგონებელ არს,საფიქრებელია,True,False,
ნურა რაჲ გგლიან,ნურა გენაღვლება,True,False,
უტე,"გაუშვი, დაე",False,False,
ჭურჭერი,ნივთი,False,False,
ძნიად თავს იდვა შეტევებაჲ ჩემი,ძლივს გადაწყვიტა ჩემი შეშვება,True,False,
რაჟამს,როცა,False,False,
დაღამდეს,დაღამდება,False,False,
მოვედ,მოდი,False,False,
ტარიგი,კრავი,False,False,
სძალი,რძალი (იგულისხმება: ქრისტეს მოწამე),False,False,
საკრველი,ბორკილი,False,False,
ვერ დამითმო გულმან,გულმა ვერ გამიძლო,True,False,
ვტიროდე ფრიად,ვტიროდი ძლიერ (მწარედ),True,False,
კეთილისა ამისთჳს,ამ სიკეთის გამო,True,False,
"სტირა, ხუცეს?","სტირი, მღვდელო?",True,False,
ესეღა თუმცა მეცნა,ეს რომ მცოდნოდა,True,False,
არამცა შემოგიტევე,არ შემოგიშვებდი,True,False,
ვიწყე სიტყუად,დავიწყე ლაპარაკი,True,False,
ვიჯმენ მისგან,მოვშორდი მას,True,False,
წარვედ სწრაფით ვანად ჩემდა,სწრაფად წავედი შემს სახლში,True,False,
ჩორდ წარემართა,წავიდა ჩორში,True,False,
არა დახუდა,"არ იყო, არ დასწრებია, არ შესწრებია",True,False,
მიეწია,დაეწია,False,False,
რაჲთამცა ბრძანა,რომ ებრძანებინა,True,False,
საკრველთა მათგან განტევებაჲ,ბორკილთაგან გათავისუფლება,True,False,
ფრიად აწყინა,აქ: ბევრს ეხვეწა,True,False,
ოდენ,მხოლოდ,False,False,
აღჰჴადა,"ახსნა, შეხსნა",False,False,
არა თავს,"იდვა - არ მოისურვა, არ ინება",True,False,
ვიდრე აღსასრულამდე,სიკვდილამდე,True,False,
ზედგომა,დგომა (მღვიძარება),False,False,
უწყინოდ,დაუსრულებლად,False,False,
სულიერითა მით ქნარითა,გალობით (აქ: ლოცვით),True,False,
მოვიდოდეს,მოდიოდნენ,False,False,
აღნათქუემი,დანაპირები (აქ: შესაწირავი),False,False,
რაჲ ვის უჴმდა,ვისაც რა სჭირდებოდა,True,False,
განბორების სალმობა,კეთრი,True,False,
რაჲთამცა დაუტევა მოგობაჲ,რომ უარეყო ცეცხლთაყვანისმცემლობა,True,False,
თავს–იდვა ადრე,"ადრე - მალე, სწრაფად დათანხმდა",True,False,
მივედ იერუსალჱმდ,წადი იერუსალიმში,True,False,
განსწმიდნე,"განიკურნები, განიწმინდები",False,False,
გულსმოდგინედ შეიწყნარა,გულით ირწმუნა,True,False,
წარემართა გზასა მას,წავიდა,True,False,
სალმობა,"სნეულება, ტკივილი",False,False,
ვითარ გარემოიქცა,როცა მობრუნდა,True,False,
მოიწია მუნვე,მოვიდა იქვე,True,False,
მოვიდა იგი წმიდისა შუშანიკისა,მოვიდა წმინდა შუშანიკთან,True,False,
მადლისა გარდაჴდად,მადლობის გადასახდელად,True,False,
წარვიდა სახიდ თჳსა,წავიდა თავის სახლში,True,False,
განმრთელებული,განკურნებული,False,False,
დიდი გულსმოდგინება,"დიდი სიბეჯითე, მონდომება",True,False,
ჴელთა აღიხუნა,აიღო,True,False,
დავითნი,"ფსალმუნთა წიგნი, რომელიც ებრაელთა მეფეს დავითს (X-XI სს. ჩვ. წ.–მდე) მიეწერება",False,False,
ასერგასისი,ასორმოცდაათი,False,False,
ფსალმუნი,საგალობელი,False,False,
ზესკნელისა მის მეუფისა,ღმერთის (იესო ქრისტე),True,False,
სათნო,მოსაწონი,False,False,
შვილნი იგი შენნი მიაქცინა მოგობასა,შენს შვილებს ცეცხლთაყვანისმცემლობა მიაღებინა,True,False,
თავსა თჳსსა ქუე დამართ სცემდა,თავს მიწას ურტყამდა,True,False,
სულთ-ითქუნა,ამოიოხრა,True,True,სულთ
იყავნ ნებაჲ შენი,შენი ნება იყოს,True,False,
დამიცევ საქმეთაგან მტერისათა,დამიცავი ეშმაკის საქმეებისაგან,True,False,
დაბუშებული,დასივებული,False,False,
მოეძღუანა,გამოეგზავნა,False,False,
საზრდელი,საჭმელი,False,False,
მოვიდიან,მოდიოდნენ,False,False,
ხილვად დედისა თჳსისა,თავისი დედის სანახავად,True,False,
რაჟამს მიაქცინეს,აქ: როცა ქრისტიანობა ურყვეს,True,False,
ვერღარა იკადრეს,ვერ გაბედეს,True,False,
ხილვად მისა,მისი ნახვა,True,False,
მოვედ ტაძრად,მოდი სასახლეში,True,False,
ჩორდ წარგცე შენ ანუ კარად,"ჩორში გაგგზავნი, ყარსში (?), ან ქტეზიფონში (სპარსეთის სამეფო კარზე)",True,False,
კარაული,სახედარი,False,False,
მიჰრქუა ესრეთ,ასე შეუთვალა,True,False,
უბადო,უბედური,False,False,
უგულისჴმო,უგუნური,False,False,
თუ მუნ კეთილსა რასმე შევემთხჳო,"ეგებ იქ კარგ რასმე შევხვდე, ბედს ვეწიო",True,False,
ბოროტსა ამას განვერე,ამ ბოროტებას (უბედურებას) გადავურჩე,True,False,
გულსა ეტყოდა,ფიქრობდა,True,False,
ვითარ-იგი,როგორც,True,True,ვითარ
ვითარმედ,რომ,False,False,
ნუუკუე,"რომ, ეგებ",False,False,
მთავართაგანსა ვისმე ეცოლოს,ვინმე მთავარს მისთხოვდეს,True,False,
მიერითგან,იმ დროიდან,False,False,
არღარავინ მიავლინა მისა,აღარავინ გაუგზავნა მას,True,False,
გუემა,ცემა,False,False,
იტყოდა,ამბობდა,False,False,
რაჲთამცა სათნო,ეყო ღმერთსა - ღმერთის მოსაწონი ყოფილიყო,True,False,
საკუთარი,მახლობელი,False,False,
ჩამოვედ ტაძრად,ჩამოდი სასახლეში,True,False,
მარქუ,მითხარი,False,False,
ცოცხალითა ფერჴითა არა გამოხვიდე შენ მაგიერ ციხით,ცოცხალი ვერ გამოხვალ მაგ ციხიდან,True,False,
შემძლებელ ხარ,შეგიძლია,True,False,
აღდგინება,აყენება,False,False,
აღადგინე,ააყენე (გააცოცხლე),False,False,
რომელი ურდს დამარხულ არს,რომელიც ურდშია დამარხული,True,False,
გარნა თუ მისა ვერ შემძლებელ ხარ აღდგინებად,მაგრამ თუ მისი აყენება (გაცოცხლება) ვერ შეგიძლია,True,False,
ვერცა ჩემდა შემძლებელ ხარ განყვანებად,ვერც ჩემი (ციხიდან) გაყვანა შეგიძლია,True,False,
გარნა თრევით გამითრიო,თუ არ გამათრევ,True,False,
ნანდჳლვე ვთქუ,ნამდვილად ვთქვი,True,False,
კეთილად,კარგად,False,False,
მაგით სახით,მაგ ხერხით (მაგგვარად),True,False,
ეგულვებოდა,"ფიქრობდა, განზრახული ჰქონდა",False,False,
შეტყუვილი,მიტყუება,False,False,
ზრახვაჲ,განზრახვა,False,False,
გულსა მოეჴადა,მოეფიქრებინა,True,False,
გგონიეს,გგონია,False,False,
განუმზადნის სიტყუანი პირსა კაცისასა,აქ: ღმერთი წინასწარ უმზადებს ადამიანებს სათქმელს,True,False,
რამეთუ იტყჳს თჳთ უფალი,რადგანაც თვითონ ღმერთი ამბობს,True,False,
მე მიუგო სიტყუაჲ თქუენ წილ,მე ვუპასუხებ თქვენ მაგიერ,True,False,
ჯეკმა დამაშურალობითა შრომათა მათ შინა,"დიდი, ძლიერი ტანჯვის, გასაჭირის ატანა",True,False,
სენი სნეულებისაჲ,ავადმყოფობა,True,False,
წინაჲსწარ უღაღადებდი,წინასწარ ვეუბნებოდი,True,False,
ვეტყოდე,ვეუბნებოდი,False,False,
ვეტყოდე,ვეუბნებოდი,False,False,
დაუმძიმებ ჴორცთა მაგათ ზედა,აწუხებ სხეულს,True,False,
ვერ დაგითმონ,ვერ გაგიძლებენ (ვერ აიტანენ ტანჯვას),True,False,
ვერღარას შემძლებელ იყო ყოფად რაჲსმე საქმედ კეთილსა,კარგი საქმის გაკეთებას ვეღარ შესძლებ,True,False,
ეგოდენი,მაგდენი,False,False,
ზედგომა,დგომა (მღვიძარება),False,False,
ღამე ყოველ,მთელი ღამე,True,False,
დაშრომა,შრომა,False,False,
ფსალმუნება,ფსალმუნთა გალობა,False,False,
არცაღა მცირედ სადა სცა ჴორცთა მისთა განსუენებაჲ,არც ოდესმე ოდნავ შეუსვენია,True,False,
შეიქმნა და დადნა ვითარცა ავლი,ნაცარს დაემსგავსა (აქ: ძლიერ გახდა),True,False,
ერგასისი,ორმოცდაათი,False,False,
დღისი,დღისით,False,False,
ღამჱ,ღამით,False,False,
დაჯდის,დაჯდა ხოლმე,False,False,
მიიღის,მიიღო ხოლმე,False,False,
გარნა,მხოლოდ,False,False,
კჳრიაკე,კვირა,False,False,
ეზიარის ჴორცსა და სისხლსა ქრისტჱს ღმრთისა ჩუენისასა,ჭამდა ხოლმე პურს და ღვინოს დალევდა,True,False,
შექმნული,შემზადებული,False,False,
ვიდრე აღვსებადმდე,აღდგომამდე,True,False,
ვინაჲთგან,"რაც, რადგანაც",False,False,
პყრობილ,ყვეს იგი ციხესა მას შინა - საპატიმროში ჩააგდეს,False,False,
სასთაულსა ზედა თავი არა მიდვის,ბალიშზე თავს არ დებდა,True,False,
გარნა,მხოლოდ,False,False,
ალიზაკი,აგური,False,False,
დაიდვის სასთუნალ,იდებდა სასთუმლად,True,False,
ქუესაგებელი,ლოგინი,False,False,
გირჯაკი,ქსოვილის ნაჭერი,False,False,
კაცთა თუალსა,ხალხის დასანახავად,True,False,
სასთაულაკი,მცირე ბალიში,False,False,
ხალენი,ტყავი,False,False,
უცნ,აქვს (აქ: ჰქონდა) ხოლმე,False,False,
კილიკი,ქვეშ დასაფენი,False,False,
წარუგდებიედ,დაფენილი ჰქონდა,False,False,
გრწყილი,რწყილი,False,False,
მოუგონებელი,ურიცხვი,False,False,
დაწერტილი,დამუწუკებული,False,False,
დამშრშალი,"გამომშრალი, დამჭკნარი, გამხდარი",False,False,
დამღიერებული,წყლულებით დაავადებული,False,False,
ჩარადოვანი,კეთრიანი,False,False,
საკრველი,ბორკილი,False,False,
დაუცხრომელად,შეუსვენებლივ,False,False,
თხრამლი,ჩირქი,False,False,
რომელი-იგი,"რომელიც, რაც",True,True,რომელი
ნუ მძიმე-გიჩნ,ძნელად ნუ გეჩვენება,True,True,ნუ მძიმე
მუნ იგი მატლი,"იქაური მატლი (წამება, რომელიც ურწმუნოებს მოელის საიქიოში)",True,False,
არა მოკუდების,არ მოკვდება (არ დასრულდება),True,False,
მოუგონებელად დიდად,მეტისმეტად,True,False,
ვტიროდე,ვტიროდი,False,False,
უმჯობჱს იყავნ,უმჯობესია,True,False,
მცირედღა შეგერაცხაა საგუემელად?,სატანჯველად მცირედ მიგიჩნევია? მატლთა მაგათთჳს - მაგ მატლთა გამო,True,False,
ქენებით,ხვეწნით,False,False,
ნუვის თანა იტყჳ ძაძისა სამოსლისათჳს ცხორებასა ჩემსა,"ნუვის ეტყვი, რომ ძაძა მაცვია",True,False,
ადრე ყოფად არს დატევებაჲ უბადრუკთა ამათ ჴორცთა ჩემთაჲ,მალე მოვკვდები,True,False,
შინაგან,შიგნით,False,False,
გარეგან კაცთა თუალსა,ხალხის დასანახავად,True,False,
ანტიოქიისა პალეკარტი,ანტიოქიური წამოსასხამი,True,False,
მიახლებულ არს ნეტარი დედოფალი წმიდაჲ შუშანიკ სიკუდილდ,სიკვდილის პირასაა წმინდა დედოფალი შუშანიკი,True,False,
მჴევალი,მონა ქალი,False,False,
მივიდა ციხედ,ციხეში მივიდა,True,False,
ხილვად,სანახავად,False,False,
მარტჳლი,მოწამე,False,False,
ვითარცა მიიწია,როცა მივიდა,True,False,
მძლავრ,ძალით,False,False,
სალმობა,"სნეულება, ტკივილი",False,False,
კეთილ ვარ,კარგად ვარ,True,False,
ვითარ ღმერთსა უნებს,როგორც ღმერთს სურს,True,False,
ყოველთა წარსავალსა მას გზასა მეც წარვალ,"მეც მოვკვდები, როგორც ყველა",True,False,
პირველი,ადრინდელი,False,False,
სძალი,რძალი (იგულისხმება: ქრისტეს მოწამე),False,False,
რაჲთა მომიტევნეს,რომ მომიტევოს,True,False,
ყრმებრ,ბავშვურად,False,False,
ჰქმნე,ჩაიდინე,False,False,
ღმერთმან მოგიტევნეს,ღმერთმა გაპატიოს (ღმერთი გაპატიებს),True,False,
მაგის სახისათჳს,მაგის გამო,True,False,
მოვედ,მოდი,False,False,
რომელი-იგი,"რომელიც, რაც",True,True,რომელი
არა რაჲმე სათნო იყოს ღმრთისა,რაც ღვთის მოსაწონი არ იქნება,True,False,
არა ვქმნე,არ ვიზამ,True,False,
უკუეთუ ეგე ეგრეთ ჰყო,თუ ეს ასე ქნა (თუ ასე იზამ),True,False,
უკუდავ მექმნე მე მაგით სიტყჳთა,მახლობელი გამიხდები,True,False,
ღმერთმან შესძინენ დღეთა ცხორებისა შენისათა,ღმერთმა გაახანგრძლივოს შენი სიცოცხლე,True,False,
შეატყუა,შეატყო,False,False,
განვალეს წმიდაჲ იგი ჴორცთა ამათგან,წმინდანი კვდებოდა,True,False,
მაკურთხე,დამლოცე,False,False,
კაცი საწუთროჲსა,"ამქვეყნიური, სოფლისმოყუარე (წუთისოფლის მოყვარული)",True,False,
მოგჳტევენ,გვაპატიე,False,False,
მოიჴსენებ,გაიხსენებ,False,False,
მედგრობა,გულგრილობა,False,False,
ჰყავთ წარმდებად,"ცუდად, უგულოდ ჰქენით",True,False,
იპოვა,აღმოჩნდა,False,False,
რომელსამცა აქუნდა წყალობაჲ,რომელიც მოწყალე იქნებოდა,True,False,
რომელმანმცა შეაჯერა,"რომელიც დაარწმუნებდა, დააჯერებდა",True,False,
თჳნიერ შენსა,უშენოდ,True,False,
ფრიად დავშუერით,ძლიერ ვეცადეთ,True,False,
გარნა არა იყო სმენაჲ,მაგრამ არაფერი გაიგონა,True,False,
განვისაჯნეთ,გავსამართლდებით,False,False,
მუნ,იქ,False,False,
სადა-იგი,სადაც,True,True,სადა
არა არს თუალღებაჲ,არ არის მიკერძოება,True,False,
მსაჯულთაჲსა და მეუფისა მის მეუფეთაჲსა,ქრისტე,True,False,
რჩევაჲ,"სხვაობა, გარჩევა",False,False,
სწორი,მართალი (თანასწორი),False,False,
ვთქუათ,ვიტყვით,False,False,
მიაგოს მას უფალმან,ღმერთი გადაუხდის,True,False,
ვითარ,"როგორ, როგორც",False,False,
უჟამოდ ნაყოფნი ჩემნი მოისთულნა და სანთელი ჩემი დაშრიტა და ყუავილი ჩემი დააჭნო,უდროოდ ჩემი ახალგაზრდობა და სილამაზე დაღუპა,True,False,
შუენიერებაჲ სიკეთისა ჩემისაჲ დააბნელა და დიდებაჲ ჩემი დაამდაბლა,"ჩამოახმო, სიკვდილის პირას მიმიყვანა",True,False,
ღმერთმან საჯოს მის შორის და ჩემ შორის,ღმერთი გაგვასამართლებს მას და მე,True,False,
ლხინებაჲ ვპოვო,შვებას მოვიპოვებ,True,False,
უგულისჴმოება,უგუნურება,False,False,
უწყალოება,შეუბრალებლობა,False,False,
ტიროდეს,ტიროდნენ,False,False,
მარტჳლი,მოწამე,False,False,
ღმერთმან მიგიტევენინ (ცოდვანი),ღმერთმა მოგვიტევოს ცოდვები,True,False,
რომელ-რაჲ,იგი ჰყავთ - რაც ჩაიდინეთ,True,True,რომელ
მაშინღა,"მაშინ უკვე, მხოლოდ მაშინ",False,False,
ეზოჲ და პალატი,სახლ-კარი,True,False,
ამცნებდა სლვად გზათა ღმრთისათა,"ასწავლიდა, ღვთის გზით იარონ",True,False,
ეტყოდა,ეუბნებოდა,False,False,
ესე ყოველი ცხორებაჲ ვითარცა ყუავილი ველთაჲ წარმავალ არს,ეს ცხოვრება მინდვრის ყვავილივით წარმავალია,True,False,
დაუდგრომელი,არამყარი,False,False,
ვინ სთესა,მოიმკო - ვინც დათესა - მოიმკო,True,False,
ვინ განაბნია გლახაკთათჳს,"შეიკრიბა - ვინც გლახაკები შეიწყალა (მათ ქონება დაურიგა), იგი გამდიდრდა",True,False,
"რომელმან წარიწყმიდოს თავი თჳსი, მან პოოს იგი, რომელმან ადიდა იგი","ვინც თავს დაიღუპავს, მას იპოვის, ვინც იგი ადიდა (ე.ი. ვინც ღვთის გამო მოკვდება, იგი ღმერთს იხილავს)",True,False,
უჯმნა,"გამოუშვა, გამოემშვიდობა",False,False,
მოყუასი,მეგობარი,False,False,
"დამაშურალ, სახლეულითურთ თანაყოფით იყვნეს",ზრუნავდნენ ოჯახის წევრებთან ერთად,True,False,
იყვნეს... თანაზიარ,თანაუგრძნობდნენ,True,False,
მადლობით წარჰგზავნიდეს ნავთსადგურისა მის მიმართ ქრისტჱსისა,მადლობით აგზავნიდნენ სამუდამო სამყოფელში,True,False,
აზნაური,დიდი ფეოდალი,False,False,
ზეპური,"დიდებული, დიდგვაროვანი",False,False,
დედაჲ,ქალი,False,False,
უაზნო,მდაბიო,False,False,
სოფლისა ქართლისანი,საქართველო (ქართლი),True,False,
ახოვანი მჴნე,მხნე მებრძოლი,True,False,
მიჰვედრიდეს ქრისტესა,ქრისტეს შეავედრებდნენ,True,False,
ითხოვდეს,ითხოვდნენ,False,False,
ერთბამად,ერთხმად,False,False,
საცოდ,დასაცავად,False,False,
ნაკურთხევი,დალოცვილი,False,False,
ხუცესმან აღივსენ წადილი თქუენი,მღვდელმა შეგისრულოთ სურვილი,True,False,
მე რაჲმე,რაჲ შემძლებელ ვარ - მე რის შემძლე ვარ (მე რა შემიძლია)? ქრისტემან აღგავსენინ თქუენ ყოვლითა კეთილითა - ქრისტემ აგავსოთ ყველაფერი კეთილით,True,False,
მოშუერით,"მოხვედით, გაისარჯეთ, შეწუხდით",False,False,
აჰა ესერა,აი,True,False,
გზასა წარვალ საუკუნესა,სამარადისო გზას,True,False,
ჭირისა ამის წილ,გაჭირვების სანაცვლოდ,True,False,
მომმადლოს,მომმადლებს,False,False,
მივემთხჳო მე დიდებასა,მივიღებ დიდებას,True,False,
ჯმნული,განშორებული,False,False,
ძლევისა მისთჳს,გამარჯვების გამო,True,False,
შესწირვიდეს,სწირავდნენ,False,False,
გამოვიდეს ციხით,ციხიდან გამოვიდნენ,True,False,
წარვიდეს,წავიდნენ,False,False,
მოუწოდა,დაუძახა,False,False,
მადლსა მისცემდა,მადლობას უხდიდა,True,False,
მოწლებისა მისისათჳს,მისი სიკეთის გამო,True,False,
მამამძუძე,აღმზრდელი,False,False,
შემვედრა,შემავედრა,False,False,
უბრძანებდა დასხმად ადგილსა მას,"უბრძანებდა, იქ დაეკრძალათ",True,False,
ვინაჲცა-იგი,საიდანაც,True,True,ვინაჲცა
უკუეთუ,თუ,False,False,
ღირს რჲმე ვარ,ღირსი ვარ,True,False,
უკუანაჲსკნელი ესე მეათერთმეტჱ მოქმედი ვენაჴისაჲ,მორწმუნეთა შორის უკანასკნელი,True,False,
მაშინღა,"მაშინ უკვე, მხოლოდ მაშინ",False,False,
ადრე–ადრე,სწრაფად,False,False,
მოიღო,მოიტანა,False,False,
შესაგრაგნელად,შესახვევად,False,False,
თხრამლი,ჩირქი,False,False,
ყოველი კრებული,მთელი მრევლი,True,False,
კეროვნი აღნთებული,ანთებული სანთელი,True,False,
საკუმეველი სულნელი,სურნელოვანი საკმეველი,True,False,
აღვიხუენით . . . ძუალნი,ავიღეთ ძვლები (გვამი),True,False,
გამოვიხუენით,გამოვასვენეთ,False,False,
დავითის ქნარითა,ფსალმუნებით,True,False,
განაქველნის მამანიცა და დედანიცა,ამხნევებს კაცებს და ქალებს,True,False,
თჳსი იგი ძლიერებისა ძლევაჲ მიჰმადლის,თავის მახლობლებს (მორწმუნეებს) გამარჯვებას მიანიჭებს,True,False,
აპნისი,იანვარი,False,False,
აღუსებისა ზატიკი,აღდგომის დღესასწაული,True,False,
ვარდობაჲ,მაისი,False,False,
აღსრულებაჲ,სიკვდილი,False,False,
კოზმან და დამიანე,ეწამნენ კილიკიაში დიოკლიტიანე იმპერატორის დროს (III-IVსს.),True,False,
განვაწესეთ,დავაწესეთ,False,False,
რომლისა შუენის,"რომელსაც შვენის, შეეფერება",True,False,
