chapter_index,chapter_title,section,paragraph_index,text
2,ასევე შეგიძლიათ წაიკითხოთ,,1,იაკობ ცურტაველის “შუშანიკის წამება”:
2,ასევე შეგიძლიათ წაიკითხოთ,,2,თამაზ ჭილაძე
2,ასევე შეგიძლიათ წაიკითხოთ,,3,"თხუთმეტი საუკუნის წინათ საქართველოში დაიწერა რომანი - იაკობ ცურტაველის “შუშანიკის წამება”, რომელიც დღესაც დიდი ინტერესით იკითხება, როგორც ადამიანთა ბობოქარი ვნებების წიგნი, თავისი დრამატიზმით და ხასიათების სიმძაფრით ანტიკური ტრაგედიების სიმაღლეზე რომ დგას."
2,ასევე შეგიძლიათ წაიკითხოთ,,4,"ეს რომანი და მასთან ერთად მრავალი სხვაც, რომლებიც ძველ ქართულ პროზას წარმოადგენს, დღეს კიდევ ერთხელ გვაგრძნობინებს, თუ როგორ ჰგვანან ადამიანები ერთიმეორეს და როგორ ვიბრძოდით ჩვენ მთელი ისტორიის მანძილზე ყველაზე დიდი წმინდანობის - ადამიანობის დასამკვიდრებლად."
2,ასევე შეგიძლიათ წაიკითხოთ,,5,"ლიტერატურის ისტორიამ ბევრი მაგალითი იცის, როცა ნაწარმოები მისი გამოქვეყნებიდან დიდი ხნის მერე იქნა ნამდვილად წაკითხული. ბევრი სიტყვა თუ ფრაზა უეცრად აკიაფდა. ან ნიჟარასავით გადაიხსნა, თითქოს ადრე ტექსტში არც კი იყო და ახლა ჩვენს თვალწინ დაიბადაო. აიბადა და მთელ ნაწარმოებს შუქი მოჰფინა. ამავე დროს, იმის მაგალითიც ბევრია, რომ დიდი ხნის მერე ნაწარმოების აზრი და განწყობილება სრულიად საპირისპირო კონცეფციით წარმოუდგენიათ."
2,ასევე შეგიძლიათ წაიკითხოთ,,6,"სერგეი ავერინცევს თავის მეტად საინტერესო ნარკვევში “ლიტერატურული ტრადიციების გზაჯვარედინებზე” ასეთი ფაქტი მოჰყავს: ლუკიანეს უწერია: ”მახვილი იმიტომ არსებობს, ამქვეყნად მონა რომ არ იყოსო”. იაკობინელებმა ეს სიტყვები გვარდიელების ხმლებზე დააწერეს, რადგან ისინი ტირანიის საწინააღმდეგო მოწოდებად მიიჩნიეს. ლუკიანეს კი თურმე ამ სიტყვებში თვითმკვლელობა უგულისხმია."
2,ასევე შეგიძლიათ წაიკითხოთ,,7,"მაინც არ უნდა გავამტყუნოთ იაკობინელები, მათ ხომ ამ სიტყვებში დაინახეს ის, რისი დანახვაც ეწადათ, რის დასანახადაც მზად იყვნენ! ტექსტის ისე წაკითხვა, როგორც ლუკიანემ დაწერა, იაკობინელებისათვის წარმოუდგენელი იყო ამავე დროს ეს სრულებითაც არ არის მოულოდნელი და საკვირველი. აი, რას ამბობს პასკალი: “მონტენში კი არა, ჩემსავე თავში ვპოულობ ყოველივე იმას, რასაც მის ნაწერებშ ვკითხულობო”."
2,ასევე შეგიძლიათ წაიკითხოთ,,8,"იაკობინელებმა ლუკიანეს ტექსტში საკუთარი გულის წადილი ამოიკითხეს და ეს ლუკიანეს (ისევე როგორც მეორე შემთხვევაში - მონტენს! ) კი არ ამცირებს, არამედ მისი ნაწარმოების უკვდავებაზე მეტყველებს, რაც გამოიხატება იშვიათ უნარში - მისცეს ყველას მისი საკადრისი სულიერი საზრდო, გაუნაწილოს თავის წიაღში დანთქუმი სიმდიდრე, გააღვივოს და წაათამამოს მასთან ნაზიარევი ადამიანის შემოქმედებითი ინიციატივა, რათა, თუ პასკალის გენიალურ სენტენციას ისევ გამოვიყენებთ, ყველამ თავის პიროვნებაში აღმოაჩინოს მონტენი."
2,ასევე შეგიძლიათ წაიკითხოთ,,9,"ამრიგად, შეიძლება ითქვას, რომ იაკობინელები სრულებითაც არ ცდებოდნენ, როცა ლუკიანეს სიტყვებს ასე კითხულობდნენ. ოველი სიტყვის წიაღში ცხოვრობს მეორე სიტყვა, უფრო სწორად - მეორე მნიშვნელობა ამ სიტყვისა, რომელიც, სავარაუდებელია, თვითონ ავტორმაც კი არ იცოდეს. თუმდაც მზოლოდ და მხოლოდ იმიტომ რომ წერის დროს ამაზე არ ფიქრობდა. სიტყვა კი ხესავით იზრდება და თავის ჭეშმარიტ არსს თანდათანობით აჩენს. ასე რომ, არავინ არ არის დაზღვეული, ნაწარმოების კითხვისას იაკობინელების როლში აღმოჩნდეს, მაგრამ ეს არც ისე სამარცხვინოა, გაცილებით მიუღებლად მიმაჩნია ის ფაქტი, რომ ერთი ან ორი მეცნიერის მიერ ოდეზღაც წაკითხული ტექსტი, ოდესღაც გამოტანილი მსჯავრი ნაწარმოებზე, დღემდე ბატონობს ჩვენს ლიტერატურაში, როგორც შეურყეველი, კანონზომიერებული დოგმა."
2,ასევე შეგიძლიათ წაიკითხოთ,,10,"“შუშანიკის წამება” ამ ფრაზით. იწყება: “და აქ დამტკიცებულად გითხრა თქუენ აღსასრული წმიდისა და სანატრელისა შუშანიკისი”. სწორედ ამ ფრაზამ ზოგიერთ ჩვენს თვალსაჩინო მკვლევარს აფიქრებინა, ტექსტი ჩვენამდე არასრული სახით არის მოღწეულიო. ამ ბოლო დროს ასეთი შეხედულება კიდევ ერთხელ გამოთქვა აკადემიკოსმა ალექსანდრე ბარამიძემ სტატიაში “ათას ხუთასი წლის ძეგლი” (“ლიტერატურული საქართველო”, 16 ივლისი, 1976 წელი)."
2,ასევე შეგიძლიათ წაიკითხოთ,,11,"აკადემიკოსი წერს: “ტექსტი ჩვენამდე ნაკლულად არის მოღწეული. თხრობა იწყება მოულოდნელი განცხადებით: “და აწ დამტკიცებულად გითხრა თქუენ აღსასრული ჭმიდისა და სანატრელისა შუშანიკისი”. მაშასადამე, შემორჩენილია თხზულების ის ნაწილი, სადაც გადმოცემულია შუშანიკის აღსასრულის ამბავი. ადრე კი ტექსტი უფრო სრული უნდა ყოფილიყო. ამას ისიც გვაფიქრებინებს, რომ ცოტათი ქვემოთ იკითხება, შუშანიკი იყო “მოშიში ღმრთისაი, ვითარცა იგი ვთქუთ, სიყრმითგან თვისით”, შუშანიკის სიყრმის თაობაზე კი ტექსტის გადარჩენილ ნაწილში არაფერია თქმული”."
2,ასევე შეგიძლიათ წაიკითხოთ,,12,"ასეთი შეხედულება ბუნებრივად გამომდინარეობს აკადემიკოს ა. ბარამიძის მეორე მოსაზრებიდან, რომლის მიხედვითაც “შუშანიკი” “მხატვრულ-ბიოგრაფიული ხასიათის ნაწარმოებად” არის მიჩნეული. ბიოგრაფია კი, რასაკვირველია, მოითხოვს ამბის დასაწყისსა და დასასრულს."
2,ასევე შეგიძლიათ წაიკითხოთ,,13,"ამ შემთხვევაში გადამწყვეტი მნიშვნელობა ენიჭება იმ ფაქტს, რომ “შუშანილი” “წამებაა” და არა “ცხოვრება”."
2,ასევე შეგიძლიათ წაიკითხოთ,,14,"თუ ტექსტს კარგად დავაკვირდებით, თუ გავითვალისწინებთ იაკობის სტილის თავისებურებას, მისი წეირს მანერას, დავრწმუნდებით, რომ ასეთი დასაწყისი ბუნებრივია “წამებისათვის”. აკობ ცურტაველისათვის ხომ ამბის ძირითადი მომენტებია საინტერესო, ყველაზე დაძაბული, დრამატული კვანძები. მისთვის საინტერესოა არა საერთოდ დროის სივრცე, რომელშიაც განფენილია ამბავი, არამედ, სპორტული ტერმინი რომ ვიხმაროთ - “სუფთა დრო”."
2,ასევე შეგიძლიათ წაიკითხოთ,,15,"იაკობი ისე თავისუფლად გადადის ერთი სიტუაციიდან მეორეზე, რომ ზოგმა შეიძლება იფიქროს - ტექსტს არა მარტო დასაწყისში, სხვაგანაც აკლია რაღაცაო. ოვიყვან ორ მაგალითს: როდესაც ვარსქენი სპარსეთიდან დაბრუნდება, მეორე დღესვე (“და ხვალისა დღე ვითარ აღდგა პიტიახში”) მოიხმობს თავისთან ხუცებს, მათ შორის იაკობსაც, და აი რას ეტყვის: “აწ ნუ რას მერიდებით მე და ნუხაცა გძაგ”. დამეთანხმებით, რომ ასეთი საუბარია მოულოდნელია რჯულგამოცლილი კაცისაგან."
2,ასევე შეგიძლიათ წაიკითხოთ,,16,"საქმე ის არის, რომ ჩვენ (და არც არავინ) არ ვიცით, რა მოხდა იმ დილით პიტიახშის სასახლეში, რაზე მორიგდნენ ვარსქენი და ხუცესი (რაღაცაზე კი ნამდვილად მორიგდნენ, მორიგდნენ თუ შეთანხმდნენ), მაგრამ ამჟამად სხვა რამ გვაინტერესებს: ვარსქენი ხუცებს უბრალო შიკრიკებივით გააგზავნის შუშანიკთან, დაარწმუნეთ, შინ დაბრუნდესო. ტექსტში გამოტოვებულია მთელი ამბავი ხუცების წამოსვლისა, შუშანიკთან მისვლისა, ამბის გადაცემისა, რასაც რომელიმე (განსაკუთრებით დღევანდელი) ბელეტრისტი მთელ თავს დაუთმობდა. აქ კი - “წამებაში” - ვარსქენის სიტყვების მერე პირდაპირ შუშანიკის პასუხი მოდის: “.. და თუ მრავალი ტანჯვაი მოაწიო ჩემ ზედა, მე არ ვეზიარო საქმეთა შენთა”. მეორე მაგალითი ზუსტადაა აღნიშნული ნიკოლოზ ჯანაშიას საყურადღებო ნაშრომში: “შუშანიკის წამების” ანტონისეული რედაქცია, (“მრავალთავი” 4.გამომც. “მეცნიერება”, თბილისი, 1975 წ.)."
2,ასევე შეგიძლიათ წაიკითხოთ,,17,"მე მხოლოდ ერთხელ კიდევ დიდი სიამოვნებოთ გავიხსენებ ამ უბრწყინვალეს პასაჟს: ხუცებისაგან შუშანიკის პასუხს რომ მოისმენს (“ხოლო ჩუენ ესე ყოველი მიუთხართ პიტიახშსა”) , ვარსქენი შუშანიკთან ახლა თავის ძმას, რძალსა და ეპისკოპოს აფოცს გაგზავნის. და აქ იწყება ერთ-ერთი შესანიშნავი ადგილი რომანისა, რომელსაც, თავს ნებს მივცემ და მთლიანად მოგიყვან: “და ვითარ მიიწვიეს და შევიდეს წინაშე დედოფლისა და მრავალსა დასაჯერებელსა სიტყუასა ეტყოდეს მას, მაშინ წმიდამა შუშანიკ ჰრქუა მათ: “კაცნო ბრძენნო, თქუენ კეთილად იტყვით, გარნა ნუ დაგიჯერებიეს, თუმცა მე მისი ცოლადღ ვიყავ. ეგონა მე, ვითარმედ იგი ჩემად მოვაქციო და ღმერთი ჭეშმარიტი ახიაროს, და აწ მე მაიძულებთ ამა ყოფნად? ნუ იყოფენ ესე ჩემდა! და შენ ჯოჯიკ, არღარა ჩემი მაზლი ხარ. და არღარა მე შენი ძმის ცოლი, არცა ცოლი შენი დაი ჩემი არს, რომელნი მისკერძო და მისთა საქმეთა ზიარ ხართ”. რქუა მას ჯოჯიკ: “უწყი მე, აწ მოავლინნეს მსახურნი და თრევით წარგიყვანოს შენ”. ხოლო წმიდამ შუშანიკ ჰრქუა: “უკუეთუ შემკრას და მითრიოს, მიხარის, რამეთუ მით სახითა იყოს განჩინებაი ჩემი მისგან”."
2,ასევე შეგიძლიათ წაიკითხოთ,,18,"და ვითარცა ესმა მისგან, ცრემლოოდეს, ყოველნი. და ჯოჯიკ აღდგა და ცრემლით გარე განვიდა. ხოლო წმიდამან შუშანიკ ჰრქუა ეპისკოპოსსა: “ვითარ მეტყვი მე დაჯერებად ჩემდა, რამეთუ მან ღმერთი უვარყო?!” ხოლო ჯოჯიკ ევედრებოდა და ეტყოდა: “დაი ჩუენი ხარ შენ, ნუ წარსყმედ სახლსა ამას სადედოფლოსა”. რქუა მას წმიდამან შუშანიკ: “უწყი, ვითარმედ დაი ვარ და ერთგან განზრდილნი, ხოლო მაგას ვერ ვჰყოფ, ვითარცა მოსისხლეობაი იქმნა, და თქუენ ყოველნი თანამდებ იქმნენით”. ამ პატარა მონაკვეთში უამრავი მეტად საინტერესო დეტაილ და ნიუანსია, თუნდაც ის რად ღირს, რო ეპისკოპოსი აფოცი ცდილობს დაარწმუნოს შუშანიკი - ურჯულო ქმართან დაბრუნდიო, ამიტომაცაა გაკვირვებული შუშანიკი, შენ მაინც როგორ მეუბნევი ამასო. ველაფერი ეს კარგადა აქვს შენიშნული ნიკილოზ ჯანაშიას, რომელიც ჩვენთვის ამჟამად საინტერესო საკითხსაც ეხება და ამბობს: “როგორც ვხედავთ, იაკობი ჯერ ამბობს ცრემ მორეული ჯოჯიკი გარეთ გავიდაო, შემდეგ კი ისევ ჩართავს მას საუბარშ, რომ სპეციალურად არ აღნიშნავს მის უკან შემობრუნებას”. და დასძენს: “ჩვენთვის ეს მშვენიერი მაგალითა იაკობის გასაოცარო ოსტატობისაო”."
2,ასევე შეგიძლიათ წაიკითხოთ,,19,"დიახ, ეს მწერლის ოსტატობის დამამტკიცებელია და არა ის, რომ ტექსტი ჩვენამდე “ნაკლულადაა” მოღწეული. ასეთი ხერხი თანამედროვე პოეტურ პროზაში თითქმის ჩვეულებრივ მოვლენადაა ქცეული, მაგრამ მისი არსებობა უძველესი ქართული პროზის ძეგლში მხოლოდ ავტორის გენიალობაზე მეტყველებს,. კადემიკოსი კორნელი კეკელიძე წერს: “შეიძლება უფრო ახლოს ვიქნეთ სიმართლესთან, თუ ვიფიქრებთ, რომ იაკობს დაწერილი ჰქონდა რაღაც ისტორიული შრომა, რომელშიც შუშანიკის შესახებ გაკვრით იყო ლაპარაკი. ისე როგორც გაკვრით იხსენიებს მას მემატიანე”. (“ქართული ლიტერატურის ისტორია”, ტ. 1. აკადემიის გამომცემლობამ, 1954 წ.) ასე, მართლაც, “შეიძლება უფრო ახლოს ვიქნეთ სიმართლესთან”."
2,ასევე შეგიძლიათ წაიკითხოთ,,20,"ახლა, რაც შეეხება ფრაზას “ვითარცა იგი ვთქუთ”! სხვათა შორის ანტონმა, ამ ტექსტის ერთ-ერთმა რედაქტორმა, ეს ფრაზა ამოიღო. რადგან გრძნობდა, რომ ტექსტს კლებით არაფერი აკლდა, ზედმეტი, ჩამატებული გრაზა კი ბევრი იყო (იხ. ნ. ჯანაშიას დასახელებული ნაშრომი). იაკობ ცურტაველი აღზრდილია წინაქრისტიანული ქარტული ლიტერატურის ტრადიციებზე. ის ისე თავისუფლად ფლობს მასალას (ვგულისხმობ ფაქტის გადმოცემის ხარისხს), რომ მას უსათუოდ გავლილი აქვს მეტად საინტერესო სკოლა მწერლობისა, რომელიც საგრძნობლად განსხვავდება ბიზანტიური საეკლესიო მწერლობის სკოლისაგან, ამიტომაცაა, რომ ამ ფაქტის გაუთვალისწინებლობამ ჩვენ მიგვიყვანა საერთოდ აგიოგრაპიული მწერლობის წინააღმდეგ გალაშქრებამდე, იმაზე კი არ ვიფიქრეთ, რომ ეს ნაწარმოები (და არა მარტო ეს!) ეკუთვნის მსოფლიო აგიოგრაფიული მწერლობის ქართულ ფრთას, ძალიან ორიგინალურსა და, შეიძლება ითქვას, უნიკალურ მოვლენას."
2,ასევე შეგიძლიათ წაიკითხოთ,,21,"ჟანრი კი აქ ქმნის მწერალს (თუმცა გარკვეულად მოქმედებს მასზე), არამეს მწერალი ქმნის მნიშვნელოვნად ამა თუ იმ ჟანრს. მიტომაც არ შეიძლება ჟანრის კულტად ქცევა. ამის თაობაზე მეტად საინტერესო სტატია გამოაქვეყნა ცნობილმა მწერალმა ვახტანგ ჭელიძემ “ჩარჩოები” (იხ. გაზეთი “ლიტერატურული საქართველო”, 23, 1976 წ.) ."
2,ასევე შეგიძლიათ წაიკითხოთ,,22,"რასაკვირველია. კატეგორიულად არ შეიძლება ითქვას, რომ “შუშანიკის წამება” აგიოგრაფიული ჟანრის ყველა ნიშანს ატარებს (როგორც ქვემოთ დავინახავთ. არც შეიძლება, ასე რომ ყოფილიყო), მაგრამ იმის უარყოფა, რომ ის ამ ჟანრს არ ეკუთვნის, იგივეა, რომ უარვყოთ საერთოდ ამ ჟანრის მნიშვნელობა. ეს კი თავის მხრივ იქნებოდა მეტად მაქსიმალისტური მიდგომა საკითხისადმი."
2,ასევე შეგიძლიათ წაიკითხოთ,,23,პატივცემული ვ. ჭელიძე თავის სტატიაში გადმოგვცემს აგიოგრაფიული მწერლობის “ტიპიური ნიმუშის” (მოთხრობა წმინდა ალექსიზე) მოკლე შინაარსს.
2,ასევე შეგიძლიათ წაიკითხოთ,,24,"ჩვენ არავითარი უფლება არა გვაქვს, არ ვერწმუნოთ პატივცემულ მწერალს, რომ “შუშანიკი” მხატვრული ღირსებებით გაცილებით მაღლა დგას, ვიდრე “წმინდა ალექსის ცხოვრება”. აგრამ აქ უფრო პრინციპული საკითხი ჩნდება: მხოლოდ იმის გამო, რომ ისინი მხატვრული ღირსებებით განსხვავდებიან ერთმანეთისგან, შეგვიძლია მათი სხვადასხვა ჟანრისათვის მიკუთვნება? ფრო სავარაუდებელია, რომ ამ შემთხვევაში ხელთა გვაქვს ერთი ჟანრის ორი, არათანაბარი ღირსების ნაწარმოები. აქ საქმე ტალანტის ხარისხს უფრო ეხება, ვიდრე ჟანრს."
2,ასევე შეგიძლიათ წაიკითხოთ,,25,"მაგრამ ნუთუ მართლა ასეთი უფერული ნაწარმოებია “ალექსის ცხოვრება”? ვახტანგ ჭელიძე ასე გვიყვება წმინდა ალექსის ამბავს: “დიდი ხნის წანწალის შემდეგ ალექსი რომში დაბრუნდა და უბადრუკ ადამიანს მამის სახლში შეივრდომებენ, რაღა თქმა უნდა, მას ვეღარავინ იცნობს. ჩვიდმეტი წელი გაატარა ალექსიმ მამის სახლში - მოთმინებით იტანდა თავისივე მსახურებისაგან უკიდურეს დამცირებას, შეურაცხყოფას..” აქედან ხომ ის დასკვნაც შეიძლება გამოვიტანოთ, რომ ეს ალექსი მეტად საინტერესო, ძლიერი და ნიჭიერი კაცი ყოფილა. ყო, იცხოვრო ჩვიდმეტი წელი მახლობლებს შორის და ვერ გიცნონ, ვერ შეგამჩნიონ, ეს არც ისე უბრალო რამ არის. უნებურად გვახსენდება ოდისევსი, რომელიც ასევე ცხოვრობდა მახლობლებს შორის შეუმჩნევლად, ოღონდ გაცილებით ცოტა ხანს და, რასაკვირველია, სხვა მიზნით. ოდისევსს კი “მოკვდავთა შორის უჭკვიანესს” ეძახდნენ."
2,ასევე შეგიძლიათ წაიკითხოთ,,26,"მართალი ბრძანდება ვახტანგ ჭელიძე, როცა წერს: “განა დაკნინება არ იქნება, ბახის გენიალური ქმნილებანი, თუნდაც ბეთჰოვენის მესები, - მხოლოდ იმის გამო, რომ საფუძვლად ლიტყრგიის ტექსტები უდევს, - საკულტი-საეკლესიო მუსიკის ჟანრის ვიწრო ჩარჩოში მოვამწყვდიოთ და მასში თავისუფალი ადამიანის უმაღლესი იდეალებისაკენ სწრაფვის საგალობელი ვერ შევნიშნოთ?” ამასთანავე, თუკი მათ გენიალურობას შევამჩნევთ, თუ ბიგრძნობთ “თავისუფალი ადამიანის უმაღლესი იდეალებისაკენ სწრაფვას”, ეს ხომ იმას ნიშნავს, იმის აღიარებაა, რომ ამ ჟანრის ჩარჩოებშიც შეიძლება შეიქმნას “ადამიანის უმაღლესი იდეალებისაკენ სწრაფვის საგალობელი”!"
2,ასევე შეგიძლიათ წაიკითხოთ,,27,"კაცობრიობის მოძრაობა მომავლისაკენ, მისი ინტელექტის დიადი მდინარება რთულია და მტავალმხრივი. ჩვენი დიდი მხატვარი ლადო გუდიაშვილი თავის “მოგონებების წიგნში” წერს: “ადამიანი წარსულისაკენ ხშირად იმიტომ იხედება, რომ სწორედ იქ უნდა დაინახოს ის სხივი, მის ამქვეყნიურ ცხოვრებას მომავალთან რომ დააკავშირებს”. ჩვენ შეგვიძლია (და ვაკეთებთ კიდეც) ჩვენი საქმიანობისაგან სრულიად განსხვავებულ სფეროში აღმოვაჩინოთ ჩვენთვის ხელსაყრელი, გამოსადეგი, სადღეისო თუ ხვალის პრობლემებისათვის აუცილებელი მაგალითები. გავიხსენოთ წარსულის დიდი გაკვეთილები ადამიანის საქმიანობის ყველა სფეროდან."
2,ასევე შეგიძლიათ წაიკითხოთ,,28,"აგიოგრაფიაში კი, მართლაც გასაოცარი მაგალითებია ადამიანური სიმტკიცის, ნებისყოფის და, რაც მთავარია, სხვების ნაცვლად წამების ატანის, სხვებისთვის თავის გაწირვისა. აქ ისიც არის მნიშვნელოვანი, რომ ჩვენ ვხედავთ ერთი ადამიანის დაუშრეტელ ენერგიეს, ერთი ადამიანის უნარს, ერთი ადამიანის ძალას, რომელიც ბევრისა და ბევრის მაგივრად უპირისპირდება ბოროტებას. და თუ ჩვენ დღეს მის ქმედებას ჩამოვაშორებთ რელიგიურ-მისტიკურ საბურველს, ხელთ შეგვრჩება ცოცხალი გაკვეთლი ადამიანის სულის სასიკეთო ძალისხმევისა."
2,ასევე შეგიძლიათ წაიკითხოთ,,29,"ვიცით რა, რომ ყოველი დიდი აზრი ტანჯვით იბადება, აღტაცებულნი ვართ რა დიდი პოეტებისა და ფიოსოფოსების ნაწარმოებებით, მაინც ჩვენს შორის ძნელად მოიძებნება ვინმე, მათი მიპარი ხვედრის გაზიარების მომხრე რომ ყოფილიყო. მაგრამ ადამიანის ქმედებას, აზრს ერთი თვისება აქვს - ყველას ეკუთვნის, ყველასია!"
2,ასევე შეგიძლიათ წაიკითხოთ,,30,"გიოგრაფიული მაგალითები, რასაკვირველია, წვეთია კაცობრიობის საერთო ცხოვრების ოკენანეში, რაც თავისთავად სრულებითაც არ ნიშნავს იმას, რომ ჩვენი უყურადღებობა დაიმსახუროს, არც ისინი უნდა დაგვავიწყდეს, როდესაც სრულიად განსხვავებულად (მაგრამ მაინც მონათესავე!) შემთხვევებს ვიხსენებთ ადამიანის საქმინობის სრულიად სხვა სფეროებიდან. დამერწმუნებით, ძნელი სათქმელია სოკრატეს უკანასკნელი სიტყვები: “თუმცა უკვე დროა წავიდეთ: მე - რათა მოვკვდე, თქვენ _ რათა იცოცხლოთ”! მაგრამ ეს სიტყვები მთელი კაცობრიობის ამონათქვამია, მთელი კაცობრიობის ღირსებაზე მეტყველებს. ამერიკელმა კოსმონავტმა ნეილ არმსტრონგმა თქვა: “მთვარეზე პატარა ნაბიჯი ადამიანისა - მთელი კაცობრიობის გიგანტური ნახტომიაო”."
2,ასევე შეგიძლიათ წაიკითხოთ,,31,"საქმე ის არის, რომ ქართული აგიოგრაფიული მწერლობა ძალიან, ანდა საგრძნობლად მაინც, განსხვავდებიდა ბიზანტიური აგიოგრაფიული მწერლობისაგან. ამ შემთხვევაში ეროვნული მწერლობის ტრადიციებმა (რომლებშიც უთუოდ ძლიერი იყო) თითქმის გადამწყვეტი როლი ითამაშა და ჩვენ მივიღეთ თვისობრივად სრულიად ახალი, სრულიად თვითმყოგფადი აგიოგრაფიული მწერლობა თუ ბიზანტიურ აგიოგრაფიულ მწერლობაში ბელეტრისიტიკა ჭარბობს (ანდა მიდრეილება აქვს ბელეტრისტიკისადმი), ქართული აგიოგრაფიული მწერლობა პოეზიის სამფლობელოა, აქ პოეზია მბრძანებლობს, სწორედ ეს გახლავთ მისი მრავალპლანიანობის საფუძველი."
2,ასევე შეგიძლიათ წაიკითხოთ,,32,"დიდი ილია ამბობდა: “როგორც ცალკე კაცის გული, ისე გული ერისა ბევრში სხვა ცალკე ერის გულს არა ჰგავს. მის გამო გულისთქმაც, გულის გამომეტყველებაც სულ სხვა არის ხოლმე და ყოველ ერს თავისი კილო, თავისი ჰანგი აქვს ამ სხვადასხვაობისათვისო”. თანამედროვე კულტურული მსოფლიო ჩვენს აგიოგრაფიულსა თუ ჰიმნოგრაფიულ მწერლობას სამართლიანად თვლის ქრისტიანულ რელიგიასთან დაკავშირებული ადრეული მოვლენების ამსახველ, შესანიშნავი ნიმუშებით მდიდარ მწერლობად, რაც მეტყველებს ჩვენი ერის იმდროინდელ მეტად მაღალ კულტურულ დონეზე."
2,ასევე შეგიძლიათ წაიკითხოთ,,33,"ნიკოლოზ ჯანაშია ნარკვევში “შუშანიკია წამების” ანტონისეული რედაქცია” წერს: “იმის მიხედვით, თუ რა დაუმატა, რა დააკლო, ან რა შეცვალა ანტონმა “წამებაში”, შეგვიძლია ვიმაჯელოთ, თუ რა აკლდა, ან რა არ სჭირდებოდა მას, როგორც აგიოგრაფიულ ნაწარმოებს ანტონის თვალსაზრისით”. დაწვრილებით იხილავს რ აიმ ცვლილებეს, რომლებიც შეუტანია ანტონს “წამების” ტექსტში, მკვლევარი დაასკვნის: “სწორედ ის ცვლილებები, რომლებიც შეუტანია ანტონს, რათა აგიოგრაფიული ჟანრის ფარგლებში მოექცია იაკობის თხზულება, გვიჩვენებს რაოდენ სცილდება ეს უკანასკნელი აღნიშნულ ჟანრს და რაოდენ ჭეშმარიტად მაღალი ლიტერატურული ღირსებები აქვს მას”. უნდა შევნიშნოთ. რომ ამ ნარკვევში ნიკოლოზ ჯანაშიავ საეჭვოდ მიიჩნევს აგიოგრაპიული ჟანრის ლიტერატურულ შესაძლებლობებს."
2,ასევე შეგიძლიათ წაიკითხოთ,,34,"თუ კარგად შევისწავლით იმ ცვლილებეს, რომლებიც ანტონს “წამების” ტექსტში შეუტანია დავინახავთ, რომ ანტონს (ერთ-ერთ პირველთაგანს ჩვენს ლიტერატურაში!) შეუმჩნევია, რომ ეს გენიალური ნაწარმოებია და რომ ეს გენიალური ნაწარმოები აშკარად აგიოგრაფიული ჟანრის მოთხოვნებს არ აკმაყოფილებს, ანდა, უფრო სწორად - აგიოგრაფიული ჟანრის მოთხოვნებს ბრმად არ მისდევს. კათალიკოსმა ალბათ იგრძნო, რომ რომელიმე ლიტერატურული მიმდინარეობის ტიპიური ნიშნები უფრო მომდევნო მწერლების ნაწარმოებებში უნდა ვეძებოთ, ვიდრე ამ მიმდინარეობის დამწყების შემოქმედებაში. Pროფესიონალი ლიტერატორის ალღომ სწორ დასკვნამდე მიიყვანა ანტონი, მაგრამ ის მაინც შეცდა, როცა მიმდინარეობის მამამთავრის ნაწარმოებშიც ამ ტიპიური ნიშნების გადმოტანას შეეცადა."
2,ასევე შეგიძლიათ წაიკითხოთ,,35,"მე ამჟამად არ მაინტერესებს არც იმის განსჯა, რამდენად მართალი იყო კათალიკოსი, არც მისი შრომის შედეგი, ოღონდ ის ფაქტი კი საყურადღებოა, რომ, როგორც ეს აღნიშნული აქვს ნიკოლოზ ჯანაშიას, ანტონმა ანტონმა არსებოთად პირველმა წაიკითხა “შუშანიკი” ისე, როგორც ამ ნაწარმოებს ეკადრებოდა, მან პირველმა შემაჩნია ამ წიგნის ადამიანური ხასიათი. ანტონმა დაინახა გასაოცარი სინაზე იქ, სადაც სხვები მხოლოდ სიმკაცრეს ხედავდნენ, დაინახა ცრემლის იქით ღიმილი და ღიმილის იქით ცრემლი. იხილა მრისხანების ჯავშანში შემალული სათნოება და სიკეთის ლეჩაქით თავდახურული მზაკვრობა."
2,ასევე შეგიძლიათ წაიკითხოთ,,36,"ანტონმა კიდევ ერთხელ დაამტკიცა ძველისძველი სიბრძნე, რომ რასაც აბრძვი, კარგად უნდა იცოდე და გესმოდეს კიდეც. შტრიქონები, რომლებსაც ანტონი შლიდა და ასწორებდა, გვაუწყებს და წარმოგვიდგენს ორი პიროვნების - მწერლისა და მისი რედაქტორის - შეხვედრის მეტად მნიშვნელოვან მომენტს, გვიჩვენებს ერთის გენიალობას და აღნიშნავს მეორეს უნარს ამ გენიალობის შეცდომისას. თუკი გავითვალისწინებთ ანტონის მრწამსს, მის რელიგიურ სიმტკიცეს და მის ორთოდოქსალურ დამოკიდებულებს მწერლობისადმი, ეს, მართლაც, საყურადღებო ფაქტია ჩვენი ლიტერატურის ისტორიაში."
2,ასევე შეგიძლიათ წაიკითხოთ,,37,"აღსანიშნავია, რომ ანტონი უფაქიზეს ფსიქოლოგიურ ნიუანსებსა და დეტალებს ამჩნევს. ამავე დროს, ძალზე საინტერესოა და საკვირველიც კი ამ ეკლესიის მამისაგან ადამიანთა ვნებების სიღრმეთა ასეთი ცოდნა. ამ ვნებათა ლაბირინთების საიდუმლოებათა ასეთი წვდომა."
2,ასევე შეგიძლიათ წაიკითხოთ,,38,"ანტონმა დაამტკიცა: მიუხედავად იმისა, რომ ყველაზე ნაკლებად ავლენდა აგიოგრაფიული მწერლობის ნიშნებს, ეკლესიისათვის სასურველი იყო სწორედ “შუშანიკის წამება” ყოფილიყო აგიოგრაფიული ნაწარმოები. მარტო იმიტომ კი არა, რომ ეკლესიას ეწადა გენიალური ნაწარმოები თავის იარაღად ექცია, არამედ იმიტომაც, რომ ასეთი სურვილის საფუძველს თვითონ ნაწარმოებიც იძლეოდა! ამ ნაწარმოებში, მართალია, სრულიად განსხვავებულად და, მე ვიტყოდი - ახლებურად, მაინც იდგა წმინდანობის პრობლემა. და თუ წმინდანსა და მის ჯალათს ერთმანეთი უყვარდათ, ანდა, ყოველ შემთხვევაში, აშკარად ებრალებოდათ (რის კვალსაც ანტონი დაუნდობლად შლიდა), ეს კიდევ არ იყო საკმარისი საფუძველი იმისათვის, რომ ეკლესიას მასზე სულ ჩაექნია ხელი და ეთქვა: “ამაოდ დაშვრაო” ისე, როგორც ეს რუსთაველის მიმართ თქვა."
2,ასევე შეგიძლიათ წაიკითხოთ,,39,"გენიის ერთ-ერთი დამახასიათებელი ნიშანი სითამამეა. სწორედ ეს ანსხვავებს იაკობს სხვა აგიოგრაფებისაგან, რის გაუთვალისწინებლობამაც, ჩემი აზრით. ზოგიერთ მეტად სერიოზულ ლიტერატორს აფიქრებინა, “წამება” აგიოგრაფიულ მწერლობას არ ეკუთვნისო. უნდა ითქვას, ეს სრულებიტაც არ არის მოულოდნელი, იმდენად აშკარაა ამ ნაწარმოებში აგიოგრაფიული მწერლობისათვის სავალდებულო კანონების რღვევა. მაგრამ ამ საკითხებს მეორე მხარეც აქვს: როცა არღვევდა იმდროინდელ ქრისტიანულ სამყაროში ყველა მწერლისათვის სავალდებულო კანონებს აგიოგრაფიისას, იაკობი პარალელურად ქმნიდა ახალს, ქართული აგიოგრაფიული მწერლობისათვის სავალდებულო კანონებს. პირველეს ყოვლისა კი, უარყოფდა ბელეტრისტიკას და ამკვიდრებდა მოეზიას."
2,ასევე შეგიძლიათ წაიკითხოთ,,40,"მწერლობაში, ისევე როგორც ადამიანის საქმიანობის ყველა სფეროში, უარყოფა მხოლოდ და მხოლოდ მაშინ არის მნიშვნელოვანი, მაშინ იძენს დიალექტიკურ ხასიათს, როცა გულისხმობს ახლის წარმოშიბასა და განვითარებას. ამრიგად, ქართული აგიოგრაფიული მწერლობა თვისობრივად განსხვავდებოდა, ვთქვათ, ბერძნული აგიოგრაფიისაგან. ასევე, ალბათ, სომხური აგიოგრაფიისგანაც, თუმცა ამით სრულებითაც არ მინდა უარვყო ერთის ან მეორის უეჭველი ღირსებები. ოღონდ ეს კაია, მათთან შედარებით იმდროინდელ ქართულ მწერლობას პირობითად თუ შეიძლება ვუწოდოთ აგიოგრაფიული, რადგან უამრავი შეხების წერტილი აქვს საერო მწერლობასთან. შეხების წერტილი კი არა - თავის თავში შეიცავს როგორც საეკლესიო, ასევე საერო ხასიათის მწერლობას და, ამდენად, როდესაც ვაღიარებთ ქართული აგიოგრაფიული მწერლობის არსებობას, ვაღიარებთ ქართული საერო მწერლობის არსებობასაც. ეს ერთდროული ფაქტია."
2,ასევე შეგიძლიათ წაიკითხოთ,,41,"ვახტანგ ჭელიძის მღელვარე სტატიამ (“ჩარჩოები”) ბევრი თანამგრძნობი გაიჩინა, ბევრს “რჯული” და “რწმენა” გამოაცვლევინა, რაც, თავიათავად, მის ღირსებაზე ლაპარაკობს, მაგრამ, ჩემი აზრით, მაინც სადავო უნდა იყოს ამ მეტად საყურადღებო სტატიის ავტორის ის პოზიცია, რომელიც კატეგორიულად უარყოფს აგიოგრაფიული ნაწარმოებების მაღალმხატვრულ ღირსებებს. ვახტანგ ჭელიძე წერს: “აგიოგრაფიული ნაწარმოების გმირთა ასეთი ზოგადი დახასიათების მიხედვითაც კი შეგვიძლია ვივარაუდოთ ამ ნაწარმოებათა სტემატურობა, ერთფეროვნება და საერთოდ დაბალი დონე”."
2,ასევე შეგიძლიათ წაიკითხოთ,,42,"ეს საკმაოდ გავრცელებული შეხედულებაა, რომელიც ქართული აგიოგრაფიის მაგალითზე არ მტკიცდება და, სხვათა შორის, არ მტკიცდება არც ბერძნული აგიოგრაფიის მწერლობის მაგალითზე. აი რას წერს ბერძნული აგიოგრაფიული მწერლობის სპეციალისტი თატიანა პოპოვა სტატიაში “ანტიკური ბიოგრაფია და ბიზანტიური აგიოგრაფია”: “კომპოზიციისა და სიუჟეტური მოტივების სქემატურობამ წარმოშვა საერთო გავრცელებული შეხედულება ცხოვრებებზე, როგორც ნაკლებორიგინალურ ნაწარმოებეზე, რომლებსაც, უმრავლეს შემთხვევაში, არ გააჩნიათ განსაკუთრებული მხატვრული ღირსებანი. ასეთი შეხედულების მცდარობა ნათელი გახდება შემდგომში”."
2,ასევე შეგიძლიათ წაიკითხოთ,,43,"სტატიის ავტორი, მართლაც, ასრულებს თავის დაპირებს და უამრავი მეტად მეტყველი მაგალითის მოშველებით წარმოგვიდგენს ბიზანტიური აგიოგრაფიული ლიტერატურის მაღალმხატვრულ ღირსებებს. ამასთანავე გვარწმუნებს, რომ ბიზანტიელი აგიოგრაფები არ იყვნენ ამ ჟანრის კანონებით შეზღუდულნი და ამბობს: ამავე ჟანრის წიაღში მრავალი მიმდინარეობა არსებობდაო."
2,ასევე შეგიძლიათ წაიკითხოთ,,44,"უსათუოდ აქვს მნიშვნელობა იმ ნიუანსს, რომ ტ. პოპოვა ლაპარაკობს შედარებით გვიანდელ აგიოგრაფიაზე, რომელმაც თავისი კლასიკური, კანონიზირებული სახე მხოლოდ მეექვსე საუკუნეში მიიღო. “შუშანიკის წამება” კი მეხუთე საუკუნეში დაიწერა, ამიტომ მას აგიოგრაფიული მწერლობისათვის საერთო კანონით ვერ მივუდგებით. მით უმეტეს, რომ ასეთი კანონი, ასეთი საერთო ნიშანი მაშინ, როცა ის იწერებოდა, რაც არსებობდა. ის, რომ ” შუშანიკი” არ ჰგავს, ანდა განსხვავდება სხვა უკვე კანონიზირებული აგიოგრაფიული ნაწარმოებებისაგან, არ ნიშნავს იმას, რომ ამ ჟანრს არ ეკუთვნის. თუ შეიძლება ითქვას ” წამება” ამ მწერლობის მაჭრობის პერიოდის ძეგლია, ამიტომაცაა ძნელი მასში აგიოგრაფიული ჟანრის კანონთა კარკასის განჭვრეტა, უფრო სწორი ვიქნებით, თუ ვიტყვით, რომ მასში ამ კარკასის მხოლოდ ჩანასახი არსებობს. “შუშანიკი” არა მარტო ბერძნული, სომხური, ან სირიული აგიოგრაფიული ძეგლებისგან განსხვავდება, არამედ განსხვავდება მომდევნო ქართული აგიოგრაფიული ძეგლებისგანაც, მაგრამ ამავე დროს ფაქტია, რომ ის მათი წინამორბედია."
2,ასევე შეგიძლიათ წაიკითხოთ,,45,"ვახტანგ ჭელიძე წერს: “ურთიერთ კეთილმყოფელი გავლენა, რაღა თქმა უნდა, ჩვეულებრივი მოვლენაა ყველა ქვეყნისა და ხალხის კულტურისათვის. ეს კულტურის ცალკეულ დარგთა განვითარების ბუნებრივი და კანონიერი გზაა. ასეთი სასურველი გავლენით მუდამ მდიდრდება და ვითარდება ამა თუ იმ ხალხის თვითმყოფადი კულტურა”."
2,ასევე შეგიძლიათ წაიკითხოთ,,46,"ცნობილი მთარგმნელი განაგრძობს (სწორედ მთარგმნელობაა ურთიერთ გამდიდრებისა და გავლენის ყველაზე აქტიური და ნაცადი ფორმა!): “ეს სულ სხვა საკითხია, აქ ლაპარაკია იმ კოსმოპოლიტურ განწყობილებაზე, რომელიც ნიჰილისტური პატოის გარკვეულ პერიოდში უგულებელყოფდა ყოველგვარ თვითმყოფადს, და უსათუოდ გავლენას ეძებდა იქ, სადაც აშკარა იყო მისი აღმოცენების ეროვნული ნიადაგი. ალბათ კვლევის ასეთი კოსმოპოლიტური მეთოდის შედეგად ჩამოყალიბდა და დამკვიდრდა ის მცდარი კინცეფცია, რომ V-XI საუკუნეებში შექმნილი და ჩვენამდე მოღწეული ყველა ლიტერატურული ძეგლი უსათუოდ ჰაგიოგრაფულია.. იმ უბრალო მიზეზის გამო, რომ მეზობელი ქვეყნების ლიტერატურაში ამ დროს ჰაგიოგრაფიულ ჟანრს ვხედავთ.. მეთორმეტე საუკუნიდან კი სპარსული ლიტერატურის გავლენით ჩვენში საერთო ლიტერატურე ჩაისახა და განვითარდა. ამითვე იყო ნაკარნახევი “ვეფხისტყაოსნის” სიუჟეტის სპარსეთში ძიების პატოის, რამაც კურიოზული ხასიათიც კი მიიღო და რაც ისე ძლიერი გამოდგა, რომ ინერციით ლამის დღემდე მოდის”.."
2,ასევე შეგიძლიათ წაიკითხოთ,,47,"უდავიდ სწორია ვახტანგ ჭელიძე, როცა “ვეფხისტყაოსნის” სიუჟეტის სპარსეთში მაძიებელთა წინააღმდეგ ილაშქრებს. მართლაც, კურიოზული ხასიათისაა ეს ძიება და, მართლაც, დღესაც მოიპოვებიან ადამიანები, რომელთა გულშიაც ძიების ეს დაუმცხრალი ჟინი (რასაც ობიექტურობის მარკით გვთავაზობენ) ჯერაც არ ჩამცხრალა. სენი არიან მეცნიერებიც, ნებით თუ უნებლიეთ, ჩვენს ლიტერატურას ეპიგონოზმის ჭაობში ეწევიან."
2,ასევე შეგიძლიათ წაიკითხოთ,,48,"რასაკვირველია, არ შეიძლება მხოლოდ პიროვნული თავისებურებებით, თუ უცნაური იდეის აკვიატებით ავხსნათ მათი მისწრაფება, რომ სპარსული დაინახონ იქ, სადაც ქართული ნიადაგი, ფესვი, თესლი აშკარაა. ეს, ჩემი აზრით, უპირველეს ყოვლისა, შედეგია ჩვენი ზოგიერთი მეცნიერების (ანდა მთელი სკოლისაც კი) მიერ არჩეული მცდარი მეთოდისა, მცდარისა იმიტომ, მას საფუძვლად ედო ცალმხრივი მიდგომა ლიტერატურული ნაწარმოებისადმი, ამ ნაწარმოების ზერელე, მხოლოდ როგორც განსაზღვრული ფაქტობრივი ინფორმაციის შემცველი წყაროს გაცნობა, ძიებისა თუ შესწავლის სფეროდან პოეზიის, როგორც ადამიანის ფსიქოლოგიის, ასამიანის სულის მოძრაობის ზუსტად აღმნიშვნელი ფენომენის -სრული გამოთიშვა, სიუჟეტური ქარგების ხელოვნური შედარება და დაკავშირება, განსაზღვრულ ეპოქაში მსგავს სიუჟეტთა წარმოქმნის საერთო კანონთა ძიების შედეგად არასწორი დასკვნების გამოტანა."
2,ასევე შეგიძლიათ წაიკითხოთ,,49,"ამრიგად, ვახტანგ ჭელიძე მართებულად ებრძვის ეპიგონობას, ებრძვის პროვინციალისმს მეცნიერებაში, მართებულად აყენებს ჩვენი ლიტერატურის თვითმყოფადობის საკითხს, მაგრამ უნდა ვთქვათ, რომ “ვეფხისტყაოსნის” სპარსული სიუჟეტის მოძიება და მეხუთე - მეთერთმეტე საუკუნეების ქართული მწერლობის აგიოგრაფიულობის საკითხი ორი სხვადასხვა პოლუსია და, ჩემი აზრით, მათი ერთ სიბრტყეზე დაყენება მართებული არ უნდა იყოს."
2,ასევე შეგიძლიათ წაიკითხოთ,,50,"ვახტანგ ჭელიძის სტატიის პათოსი ძალიან მახლობელია ჩემთვის, გარდა ამისა, სტატიის პოზიცია და, გამსაკუთრების მოსაზრებანი, ცნობილი მთარგმნელისა იმდენად ახალია და მნიშვნელოვანი. რომ მეტისმეტი სითამამეა ალბათ ჩვენგან მათთან კამათი. თავის გასამართლებლად (უფრო გასამხნევებლად!) ერთი მწერლის სიტყვებს გავიხსენებ: “რაც უფრო ძლიერია აზრი, მით უფრო მეტ ძალას ჰმატებს მოკამათესო”."
2,ასევე შეგიძლიათ წაიკითხოთ,,51,"მაშ ასე, ვახტანგ ჭელიძეს მიაჩნია, რომ აგიოგრაფიული ნაწარმოებები “სქემატური” , “ერთფეროვანი” და “საერთოდ დაბალი დონისაა”, ამიტომაცაა იგი წინააღმდეგი, რომ მეხუთე - მეთერთმეტე საუკუნის ქართული მწერლობა ამ ჟანრს მივაკუთვნით."
2,ასევე შეგიძლიათ წაიკითხოთ,,52,"უკვე ავღნიშნე, რომ აგიოგრაფიული შესახებ სხვა, რადიკალურად განსხვავებული აზრიც არსებობს. ეს არის უმთავრესად ამ მწერლობის სპეციალისტთა აზრი, მათ, ვისაც უფრო (ჩემთან შედარებით!) მიუწვდებათ ხელი ამ ჟანრის ყოველ საიდუმლოსა და ჩემთვის (ბერძნული ენის არამცოდნისათვის!) ძნელად შესამჩნევ ნიუანსებზე."
2,ასევე შეგიძლიათ წაიკითხოთ,,53,"ჩვენ, როგორც პატივცემული ვ. ჭელიძე აღნიშნავს, ზოგჯერ, მართლაც, გადამეტებით ვიცით ხოლმე გავლენების მნიშვნელობის წარმოდგენა, მაგრამ გავლენების მნიშვნელობის საერთდ უგულებელყოფაც ხომ მეორე უკიდურესობაა? ლიტერატურულ გავლენებს “ჩარჩოებში” თვითონ პატივცემული ი.ჭელიძეც ძალიან დიდ მნიშვნელობას ანიჭებს, ოღონდ როგორც კი საქმე ქართული და ბერძნული აგიოგრაფიის კავშირს შეეხება, მაშინვე გადაჭრით უარყოფს ყოველგვარ გავლენას, იმდენად, რომ საეჭვოდ, საეჭვოდ კი არა, კატეგორიულად შეუძლებლად თვლის ჩვენში აგიოგრაფიული მწერლობის არსებობას."
2,ასევე შეგიძლიათ წაიკითხოთ,,54,"მე ასეთი კამათისათვის მეტად უეფეკტო, აშკარად უხეირო პოზიცია ავირჩიე. საჭადრაკო ტერმინი რომ ვიხმარო - “შავებით ვთამაშობ”, მაგრამ აქვს ჩემს პოზიციას ერთგვარი უპირატესობა. რადგან იზიარებს ტრადიციულ შეხედულებას, ის თავიდანვე უდავოდ მიიჩნევს “წამების” იმდროინდელი მსოფლიო ლიტერატურის ორბიტაზე არსებობის ფაქტს, ბერძნული, ეთიოპური, სირიული, სომხური ლიტერატურის თანადროულობისა და თავისთავადობის აღიარებას. ღოცა ვაღიარებ გავლენას, ამით ვაღიარებ ქართული ლიტერატურის სიძლიერეს."
2,ასევე შეგიძლიათ წაიკითხოთ,,55,"თავს ნებას მივცემ და კიდევ ერთხელ გავიხსენებ აკადემიკოს კორნელი კეკელიძის აზრს: “დღეს ვერც ერთი მკვლევარი, რომელიც სპეციალურად სწავლობს ამგვარ მწერლობას, ქართულ მასალებს გვერდს ვერ აუვლის”. ეს კი იმას ნიშნავს, რომ ქართული “ამგვარი მწერლობა” თავის მხრივ გავლენას ახდენდა სხვა ქვეყნის ლიტერატურაზე."
2,ასევე შეგიძლიათ წაიკითხოთ,,56,"როგორც ვიცით, ბერძნული სიტყვა “მარტვირი” ქართულად ნიშნავს “მოწამეს”. “შუშანიკის წამებაში” ეს სიტყვა ისეა “მორჯულებული”, გაქართულებული (“და მივიდა ციხედ ხილვად სანატრელისა შუშანიკ მარტვილისა..”), რომ შეიძლება ვიფიქროთ, სხვა ქართულ ლიტერატურულ ძეგლებშიც (რომლებიც ჩვენამდე არ არის მოღწეული) უკვე ხშირად იყო ნახმარი ამ მნიშვნელობითო. ეს კი იმას ამტკიცებს, რომ იაკობზე ადრეც იცნიბდნენ ჩვენში ბერძნული აგიოგრაფიის ნიმუშებს, კერძოდ, მის ერთ-ერთ სახეობას - “მარტვირს”, ამ შემთხვევაში მთავარი ის არის, ეტყობა, ჩვენი სალიტერატურო ენა იმდენად იყო უკვე მომძლავრებული, რომ უცხო სიტყვას თავისუფლად და ითავისებდა (ეს სიტყვა - “მარტვილი” - დღემდე, რატომღაც, ყველაზე უფრო ქართული სიტყვა მგონია!)."
2,ასევე შეგიძლიათ წაიკითხოთ,,57,"ცნობილია, თუ რა დიდი განსხვავებაა გავლენასა და ეპიგონობას შორის. Gგავლენა რომ განიცადო, თვითონ უნდა გქონდეს მძლავრი ხერხემალი, მაგარი კუჭი და მდიდარი სული."
2,ასევე შეგიძლიათ წაიკითხოთ,,58,"ამ თვალსაზრისით საინტერესოა იმავე თატიანა პოპოვას სიტყვები, რომლითაც ის თავის სტატიას ამთავრებს: “აღორძინების ეპოქის სიახლოვემ ახალი ძალა შეჰმატა ბიზანტიური ლიტერატურის ამ ჟანრს, რომელმაც საკმაოდ მნიშვნელოვანი გავლენა იქონია ყველა სლავურ ლიტერატურაზე”."
2,ასევე შეგიძლიათ წაიკითხოთ,,59,"რასაკვირველია, ეს კოსმოპოლოტიზმი კი არა, ობიექტური, მეცნიერული მიდგომაა საკითხისადმი, რითაც სრულებითაც არ მცირდება თუნდაც დიდი რუსული ლიტერატურე. პირიქით, წარმოჩენილია მისი ფესვები ძველი, საერთო ევროპული კულტურის წიაღში. ჩვენ კი, შეიძლება ითქვას (შეიძლება კი არა - ფაქტია!) კიდევ უფრო ძველი ურთიერთობა გვაქვს ბიზანტიულ ლიტერატურასთან, და ეს ურთიერთობა (თავისი მრავალწახნაგოვნებითა და სირთულით) ამტკიცებს ქართული კულტურის ევროპულობას, ევროპასთან უძველეს კავშირს, საერთო ინტელექტუალურ სტიმულებს. ყველაფერი ეს იზრდებოდა, მდიდრდებოდა, ვითარდებოდა და დაგვირგვინდა დიადი რუსთაველით. მერე კი, ჩვენი ისტორიის საბედისწერო განვითარების გამო, ეს კავსირი გაწყდა და ჩვენ აღმოვჩნდით ჩვენთვის უცხო - აღმოსავლური კულტურის გავლენის სფეროში., რომელთანაც არავითარი კავშირი არა აქვს “ვეფხისტყაოსანს”, რომლის მონათესავე სიუჟეტის სპარსეთში ამაოდ მძებნელებს ასე სამართლიანად კიცხავს ვახტანგ ჭელიძე."
2,ასევე შეგიძლიათ წაიკითხოთ,,60,"“შუშანიკის წამებაში” აგიოგრაფიული მწერლობის გავლენის პოვნა ადვილია, რადგან ის აშკარად ამ ჟანრის ნაწარმოებია, მაგრამ ამ რომანში გაცილებით საინტერესოა წმინდა ქართული წინაქრისტიანული ლიტერატურის ფესვების დაძებნა, თუმცა ყურადღებიანი მკითხველისათვის არც ეს არის ძნელი. ჩემი აზრით, აგრეთვე საინტერესოა აღნიშვნა ამ რომანზე კონკრეტული წიგნის გავლენისა. ეს წიგნი “სახარებაა”, რომელიც იმ დროისათვის არცთუ ისე დიდი ხანია, რაც ქართულადაა თარგმნილი, შეიძლება ეს პროცესი იაკობის თვალწინაც კი მიმდინარეობდა, ან დასრულდა და ის თავბრუდამხვევი გრძნობა, რომელიც მშობლიურ ენაზე მისმა წაკითხვამ წარმოშვა, ჯერ კიდევ არ განელებულა."
2,ასევე შეგიძლიათ წაიკითხოთ,,61,"ფაქტია, რომ ამ ხუცესმა “სახარებიდან” ისეთი რამ გადმოიტანა მწერლობაში, რაც ეკლესიას ხელს არ აძლევდა, მაგრამ ჩვენი ლიტერატურის განვითარებისათვის კი მეტად მნიშვნელოვან ფაკტორად შეიძლება მივიჩნიოთ. აკობმა ან მეტად საინტერესო ლიტერატურულ სახელოსნოში გაიწაფა ხელი ლაკონიური სტილისა მეტყველების დეტალის ჩამოქნაში, შეითვისა გარემოს, ფონის გადმოცემის სახარებისეული ხერხები."
2,ასევე შეგიძლიათ წაიკითხოთ,,62,"მაგალითად “შუშანიკის წამებაში” პირდაპირ გადმოცემული პეისაჟი არ არსებობს, გარდა იმ რამდენიმე სტრიქონისა (“ჟამსა ზაფხულისასა ცეცხლებრ შემწუელი იგი მხურვალებაი მზისაი, ქარნი ხორშაკნი და წყალნი მავნებელნი..”) , რომელთაც განსაკუთრებული სიამოვნებით იხსენიებს თითქმის ყველა მკვლევარი ამ რომანისა და რომლებიც, ჩემი აზრით, უფრო მეტეოროლოგიურ ცნობასა ჰგავს, ვიდრე პეიზაჟს, მაგრამ თითოეული ჩვენთაგანის წარმოდგენაში, ვისაც კი ეს ეს ნაწარმოები წაგვიკითხავს, უსათუოდ შექმნილია ხატი ბუნებისა, რომლის ფონზეც თამაშდება დრამატული ამბავი სიძულვილად გარდაქმნილი სიყვარულისა. პეიზაჟის ამეტყველების ასეთი ხერხი იაკობს უთუოდ “სახარებიდანა” აქვს ნასწავლი."
2,ასევე შეგიძლიათ წაიკითხოთ,,63,"“სახარების” პეიზაჟი მკაცრია, თითქოს ერთი ფერითაა დახატული, თუმცა ამის გამო ის მკაფიოობას არ კარგავს, პირიქით, ტექსტის მდინარებაში მეტად ცხადად გამოკრთება ხოლმე. ეს არის უდაბნო, ან ტრიალი მინდორი, პურის ყანა, სადაც თავთავებს გლეჯენ და, გამწარებულები, ხელის გულზე იფშვნიან ქრისტეს მშიერი მოწაფეები. მოულოდნელად გაიელვებს ხოლმე ზღვაც, რომელზედაც ზოგჯერ ქარიშხალი მძვინვარებს, ზოგჯერ კი სუფევს “დაყუდება დიდი”."
2,ასევე შეგიძლიათ წაიკითხოთ,,64,"“წამების” პეიზაჟს ერთი გაუთავებელი, ჩამოქუფრული შემოდგომის დღის ტონი ადევს, ამ ტონს გასაოცრად აცოცხლებს “ბგერითი პეიზაჟი”, დიახ, აქ ხმები ისმის საოცრად, შეიძლება იმიტომაც, რომ ამ სამყაროს ნაცრისფერი ქვის კედლები არტყია. Gგესმის სანთლების ტკაცუნი, მაშხალის შიშინი, სენაკაპანის ნაბიჯების ხმა ქვისიატაკზე, ხუცების გუნდის ფლარტუნი ვარსქენისაგან და პირიქით - შუშანიკისგან ვარსქენისაკენ. Gგესმის, როგორ იმსხვრევა ჭიქა და როგორ ეხეთქება კედელს ასტამი, რომლითაც ეს-ესაა შუშანიკს თვალი “დაუბუშტეს”. აქ ყოველნაირი ხმა ქმნის ნაწარმოების სახვითა და მუსიკალურ გამას: ქალების მოთქმა, გაცოფებული ვარსქენის ყივილი, შეშინებული ბერის შუაზე გამწყდარი სიტყვა, ნარბენი იაკობის გახშირებული სუნთქვა (ის ცურტავისკენ მორბოდა, რათა ყველასათვის დაესწრო და პირველს ენახა სახლიდან წამოსული დედოფალი) . თუ რატომ ჩქარობდა იაკობი, ამაზე ქვემოთ გვექნება ლაპარაკი."
2,ასევე შეგიძლიათ წაიკითხოთ,,65,"იაკობს ზომიერებისა და კონტრასტის საოცარი გრძნობა აქვს. ამ ნაცრისფერ ფონზე ერთადერთ კაშკაშა ფერს ვხედავ - ეს არის შუშანიკის მოსასხამი, რომელსაც ის საპყრობილესიაც კი არ იშორებს (როგორც ცანს, არც ისე ადვილია მისთვის დედოფლის დათმობა) და სწორედ ამ ფერის წყალობითაც ნაწარმოების ნაცრისფერ წყვდიადში შენიღბულ სხვა სახეთა შორის შუშანიკი განსაკუთრებული სიცხადით მოჩანს. დახვეწილ, შეკუმშულ ფრაზებში, თითქმნის პაროლის მნიშვნელობა რომ შეუძენიათ, ამ მდიდრულ მოსასხამივით ლივლივებს შუშანიკის დაუფარავი სევდა დედაფლობაზე."
2,ასევე შეგიძლიათ წაიკითხოთ,,66,"არის რაღაც არტისტული შუშანიკის სიტყვებსა და პოზაში და ეს მოწიწებას კი არ აღძრავს მის მიმართ, რასაც, ალბათ მიელტვოდა დედოფალი, არამედ სიბრალულის მწვავე, გულის დამთუთქველ გრძნობას, როგორც ყოველნაირი პათეტიკით შენიღბული იმწეობა. ამიტომაა, რომ ყველა ქვითინებს წამებული დედოფლის დანახვაზე. შეიძლება ითქვას, იაკობის დახატულსა და ზოგიერთი ჩვენი მეცნიერების მიერ “გამდიდრებულ” დედოფლის სახეთა შორის დიდი განსხვავებაა."
2,ასევე შეგიძლიათ წაიკითხოთ,,67,"აშკარაა, რომ შუშანიკს, როგორც პიროვნებას, არასახარბიელო თვისებებიც გააჩნდა, იმდენად ძლიერი, რომ სიტყვაძუნწი იაკობის მოთხრობაშიც კი გამოჟონა, რამაც მისი ლიტერატურული ორეულის პორტრეტი მეტად მკვეთრად და სისხლსავსედ წარმოაჩინა. ზოგიერთი მეცნიერების მიერ შექმნილმა შუშანიკის კულტმა ერთგვარად ხელი შეუშალა ამ მეტად საინტერესო პერსონაჟის ხასიათის საფუძვლიან ლიტერატურულ ანალიზს."
2,ასევე შეგიძლიათ წაიკითხოთ,,68,"შუშანიკს რომანში ორი ტექსტი აქვს, ერთი - აშკარა, წმინდანისათვის აუცილებელი და ამდენად სტერეოტიპული, მეორე კი, დაფარული, ადამიანური. ამ მხრივ საინტერესოა შუშანიკის სიტყვა ხუცების მიმართ. აქ ის თითქოს პიტიახშისაგან ელჩებად მოსულ ხუცებს ვარსქენთან აბარებს პასუხს, მაგრამ მისი სიტყვების ნამდვილი აზრი იმ ირონიული ღიმილით შეიცნობა, რომლითაც ამ სიტყვების უბიწობაა ტალახში შეზელილი. შუშანიკი აშკარად ხუცებსაც მიმართავს: რაც ამდენი ხნის განმავლობაში მიქადაგეთ, ტყუილი ყოფილა, ყოველ შემთხვევაში, თქვენი ქცევა ამას ამტკიცებს, თქვენი ღალატი.. მე კი არ მინდა თქვენისთანა ვიყო, ბოლომდე უნდა ვატარო ჩემი ჯვარიო. შუშანიკის ეს მონოლოგი იმითაც არის საინტერესო, რომ აქ პირველად ვხვდებით, რომ დედოფალი შემკრთალია. გი შეზარა იმ აჩრდილმა, რომელიც თავს წამოადგა მის საყვარელ ოჯახს, რელიგიას, და რომელიც, საბოლოო ჯამში, წარმმართველი აღმოჩნდა კიდეც ყოველივე ამის. ეს არის პოლიტიკა! მის თაობაზე განსაკუთრების საინტერესო მოსაზრებები აქვს გამოთქმული ნიკოლოზ ჯანაშიას."
2,ასევე შეგიძლიათ წაიკითხოთ,,69,"უნდა აღვნიშნო, როდესაც ვითვალისწინებთ იმდროინდელ მდგომარეობას საქარველოს ამ ოლქისას, ვრწმუნდებით, რომ ეს პირველი ქართული რომანი ამავე დროს პოლიტიკური რომანიცაა, სადაც დაუფარავად (როგორც ბრძოლის ველზე) დაპირისპირებულია ორი ძალა - სპარსეთი და საქართველო თავისი მომხრე სომხეთითურთ."
2,ასევე შეგიძლიათ წაიკითხოთ,,70,"შუშანიკი გრძნობს, რომ ყველა მისი წინააღმდეგია. ამიტომაა, რომ ყველაზე მკვახეთ იმას ელაპარაკება, ვინც მოჩვენებითათ კარგად ექცევა. იცის, რომ დათაფლული ღიმილის იქით იმალება ღალატი. დედოფალი ხვდება, რომ უღალატეს, არა, კი არ უღალატეს - გაწირეს! მართლაც, ფაქტიურად შუშანიკი ყველას გაწირული ჰყავს: ვარსქენს, ჯოჯიკსა და მის ცოლს, ხუცებს. მათ შორის ერთადერთია ვარსქენი, ვინც არ მალავს თავის ნამდვილ გრძნობას, მაგრამ რომელიღაც პოლიტიკური ორგანიზაციის, შეთქმულების აშკარა მონაწილე, “დაყენებული პირი” - შუშანიკი - აქ, მართლაც, ფანატიკურ სიმტკიცეს იჩენს."
2,ასევე შეგიძლიათ წაიკითხოთ,,71,"ამრიგად, რომანში ტრიალებს ტრაგედია, რომლის ნამდვილი ხარისხიც მხოლოდ ღრმა დაკვირვების მერე ხდება აშკარა. თავიდან თითქოს ყველაფერი გასაგებია: ყოველ შემთხვევაში, მთავარ გმირთა პოზიციების კონფიგურაცია ნათელია, აქ ერთი მეორის პირისპირ დგას მსხვეროლი და მისი ჯალათი. აგრამ თანდათანობით მსხვერპლი ხდება ჯალათი ჯალათისა, თუნდაც თავისი მორალური უპირატესობით, რისი მოსპობაც, გაქარწყლებაც ასე უნდა ვარსქენს. ტრაგედიის ბადეში ნელ-ნელა ეხვევიან ყველანი, თუმცა ერთი სიტყვაც კი არ არის თქმული სხვების თანამომაწილეობაზე. შეიძლება, იაკობს არც უნდოდა ამის თქმა, ვითარების ასე მასშტაბურად წარმოდგენა, ან არც კი ფიქრობდა, რომ თვითონაც ტრაგედიის უნებლიე ანდა (შეგნებული) მონაწილე იყო. ეს არის სიტყვის გასაოცარი ძალისხმიერება, სიტყვის ბატონობა სქემაზე, პოეზიის სიდიადე ისტორიასთან შედარებით (“პოეზია უფრო ფილოსოფიურია და სერიოზული, ვიდრე ისტორია”, - არისტოტელე, “პოეტიკა” , თარგმანი ბ. ბრეგვაძისა)."
2,ასევე შეგიძლიათ წაიკითხოთ,,72,"იაკობი თითქოს ქვაში ჭრის ცოცხალი ადამიანების სახეებს, იმდენად ცოცხალს, რომ დღესაც, თხუთმეტი საუკუნის მერე, დიდი ინტერესით ვაკვირდებით მათ, რადგან ბოლომდე შეუცნობელნი არიან ჩვენთვის. ისინი იმოდენა სასიცოცხლო ენერგიით არიან დამუხტულნი, ისე სასიცოცხლოდ არიან “მომართულნი” დიდი შემოქმედის მიერ, რომ დღემდე არ დაკარგვია მათ ხმას ჟღერა, მათ თვალს - ცეცსლი და მატს მოქმედებას - მნიშვნელობა. შუშანიკი, რომელიც წარმოშობით სპარსელთა წინააღმდეგ მებრძოლთა ოჯახიდანაა, ეს ოჯახი კი ვახტან მეფესტანაა დაკავშირებული საერთო ინტერესების გამო, იმ პოლიტიკას იზიარებს, რასაც ატარებენ მამამისი, ბიძები და ძმები. ხოლო იაკობს თავისი თავისი გაზრდილი შუშანიკი დიდი ხანია ბრძოლისათვის გამზადებული ჰყავს."
2,ასევე შეგიძლიათ წაიკითხოთ,,73,"იაკობი ჯერჯერობით ჩუმად იცდის, როგორ განვითარდება სიტუაცია. იცდის, ვიდრე.. ვიდრე ნამდვილი ტრაგედია დატრიალდებოდეს. ამას, რასაკვირველია, არ წერს, მალავს კიდეც. მაგრამ დღეს, თხუთმეტი საუკუნის შემდეგ, ჩვენი ისტორიული მეცნიერების განვითარების წყალობით, შესაძლებელი გახდა, წაგვეკითხა მეორე ტექსტი, უფრო სწორად - გულისზრახვა იაკობისა, ვნებანი იაკობისა, “შინაგანი სახე” (დავიტ კაკაბაძის გამოთქმაა) იაკობისა, რომელმაც თავისი სულის მღელვარება ობიექტური თხრობის ნაცარში შეახვია, საიდანაც დღეს ჩაუმქრალმა ნაკვერჩხალმა გამოანათა."
2,ასევე შეგიძლიათ წაიკითხოთ,,74,"ეპისკოპოსი აფოცი სამღვდელოების იმ ჯგუფს ეკუთვნის, რომელიც ვარსქენს ემხრობა, რომელსაც ვარსქენი აშკარად რაღაცას დაჰპირდა. აფოცი არც მალავს ამას, მისი მცდელობა შუშანიკის შინ დასაბრუნებლად მკითხველის სამართლიან გაკვირვებს იწვევს. ჩვენს თვალწინ დაუნდობელი ბრძოლა მიმდინარეობს სამღვდელოების ორ ჯგუფს შორის. ერთ ჯგუფში არიან აფოცი და სხვა უსახელო ხუცესები, მეორეში კი - იაკობი, ეპისკოპოსები სამოელი და იოანე, აგრეთვე ის დიაკვანი, რომელიც შუშანიკის გამხნევებას ცდილობს, მაგრამ, ვარსქენისგან შეშინებული, სიტყვას ვერ ამთავრებს. მ ბრძოლის შედეგს ნაწარმოების ბოლოს ვხედავთ, სადაც მთავარეპისკოპოსად იხსენიება არა აფოცი, როგორც ეს მოსალოდნელი იყო, არამედ სამოელი. ეტყობა, ვახტანგის მომხრე პარტიამ გაიმარჯვა."
2,ასევე შეგიძლიათ წაიკითხოთ,,75,"ეროუზ დანემი წიგნში “გმირები და ერეტიკოსები” წერს, რომ ჟანა დარკი მისმა რწმენამ კი არა, ფრანგი სამღვდელოებისა და ინგლისელი მხედართმთავრების ინტრიგებმა აიყვანა კოცონზეო. იმ სამღვდელოების ინტრიგებმა, რომელმაც მერე წმინდანად შერაცხა ორლეანელი ქალწული. მაგრამ ესთავისთავად საგულისხმო სიტყვები იმიტო არ გამიხსენებია, თითქოს შუშანიკს (ისევე როგორც ჟანა დარკს) ბრმა, უმწეო მსხვერპლად, კრავად ვთვლიდე. შუშანიკის საქციელი არის გააზრებული ქმედება და ამიტომაც მისი სიმტკიცე, მისი ფანატიზმამდე მისული ერთგულება საქმისა უთუოდ პატივისცემის გრძნობას ბადებს. წმინდანებს, რა თქმა უნდა, ქმნიან, მაგრამ ამისთვის საფუძველიც უნდა არსებობდეს. ამ შემთხვევაში შუშანიკის სიმტკიცე, რომელიც შეურაცხყოფილი ქალის სიკერპიდან წარმოიშვა და განვითარდა, იყო საფუძველი მისი წმინდანობისა."
2,ასევე შეგიძლიათ წაიკითხოთ,,76,"ამრიგად,”წამების” სამყარო ორ ბანაკადაა გაყოფილი: ერთ მხარეზე დგანან ვარსქენი, ეპისკოპოსი აფოცი, ჯოჯიკი და მისი ცოლი. თუმცა მთელი რომანის მანძილზე შუშანიკის მაზლი და მისი მეუღლე შუშანიკის თანამგრძნობლებად მოჩანან, მაგრამ ისე მხურვალედ ევედრებიან შენდობას და პატიებას მომაკვდავ შუშანიკს, რომ უსათუოდ ეჭვი უნდა შეგვეპაროს მათი თანაგრძნობის გულწრფელობაში. მეორე ბანაკს შეადგენენ შუშანიკი, იაკობი, ეპისკოპოსი სამოელი და იოანე, თუმცა სწორედ ესენი არ შორდებიან მას საპყრობილეში, ხოლო სამოელი საჭმელსაც კი უგზავნის დედოფალს და ამის მიზეზსაც ქვემოთ მოგახსენებთ."
2,ასევე შეგიძლიათ წაიკითხოთ,,77,"ვარსქენი იმდენად სპარსეთის მეფის მომხრე არ არის, რამდენადაც ვახტანგის მოწინააღმდეგე. ეს დიდი ფეოდალი თავისი სუვერენის წინააღმდეგაა ამხედრებული, ანდა აოირებს ამხედრებას. ვახტანგ მეფის ზედმეტი სახელი “გორგასალი” “მგლისთავას” ნიშნავს, რაც ალბათ მარტო იმიტომ არ შეარქვეს, რომ მუზარადზე მგელი ეხატა: აქ მისი გამჭრიახობა და, თუ გნებავთ, სისასტიკეცაა განულისხმები, (ვარსქენის სინონიმიც რომანში მგელია: “და შემდგომად ორისა დღისა მოვიდა მგელი იგი ტაძრად..”) . გამჭრიახობის წყალობით ვახტანგი იღბლიანი (შედარებით!) მმართველი იყო (“ვახტანგ მეფე ღმერთს უყვარდაო”, - ამბობს ქართველი ხალხი) . ეს ჭკვიანი მეფე, რასაკვირველია, გულხელდაკრეფილი არ იჯდებოდა. ის ხაფანგისთვის პრმოს თხრიდა იქ, სადაც ყველაზე ადვილად გაებმებოდა ვარსქენი - მის ოჯახში!"
2,ასევე შეგიძლიათ წაიკითხოთ,,78,"არა, ვარსქენს არ უნდა, შუშანიკი რომ მოკვდეს, თუმცა მალი-მალ კი დასძახის, მოკვდიო! ის კარგად იცნობს ვახტანგს, უკვე ხვდება მისი ჩანაფიქრის საბედისწერო აზრს. ისა და შუშანიკი ახლა ისე არიან დაჯაჭვულნი, როგორც არასოდეს. უკვე ხშირად კითხულობს მის ამბავს, პირველსავე თხოვნაზე (თითქოს ელოდება კიდეც ასეთ თხოვნას!) ხსნის ბორკილს, აშკარად თვალს ხუჭავს იმ ფაქტზე, რომ ეპისკოპოსი სამოელი შუშანიკს საჭმელს უგზავნის, თუმცა თვითონვე ბრძანა, შიმშილით მოკალითო. ეს, ეტყობა, სხვების გასაგონადაა თქმული, სინამდვილეში კი იქვე, რამდენიმე აბზაცის მერე ვრწმუნდებით, რომ ვარსქენს შუშანიკის სიკვდილი არ უნდა, არ უნდა იმიტომ, რომ ეშინია (თუ კარგად დავაკვირდებით, ვარსქენი კი არ კლავს შუშანიკს, შუშანიკი იკლავს თავს): შუშანიკს ციხეში რომ ჩასვამს, სამი კვირის მერე დაიბარებს მცველს, სწორედ იმას, ვისაც უბრძანა, შიმშილით მოჰკალიო და ჰკითხავს, შუშანიკი როგორ არისო. მცველი უპასუხებს: რა ვქნა, არაფერს ჭამს და მეშინია შიმშილით არ მოკვდესო. ახლა წარმოიდგინეთ მძვინვარე, ცოფიანი მგელი და ისიც წარმოიდგინეთ, რამდენად შესაძლებელია, რომ მის ბრძანებას არ ასრულებდნენ!"
2,ასევე შეგიძლიათ წაიკითხოთ,,79,"მაგრამ პიტიახშის შიში ნელ-ნელა აუტანელი ხდება და, აი, ერთხელ გონებადაკარგული იყვირებს: “უტე, მოკუდეს!” და ამით თავის თავს გამოუტანს სიკვდილის განაჩენს, ანუ მსხვერპლი სჯის ჯალათს!"
2,ასევე შეგიძლიათ წაიკითხოთ,,80,"იგივე დანემი სწერს: “ოპოზიციურად განწყობილი პოლიტიკური პირების დევნა, როგორც წესი, იწყება ბრალდებით, რომელიც მკვეთრად გამოჰყოფს, ანცალკავებს მათ სხვა მოქალაქეებისაგანო”. ვარსქენმა ვახტანგის ინტრიგის ერთი სვლა სწორად ამოხსნა - მის მოწინააღმდეგეებს სჭირდებათ დიდი დანაშაულებრივი ფაქტი: ვარსქენმა უნდა მოკლას შუშანიკი, ქმარმა უნდა მოკლას ცოლი და მთავარი ის არის, რომ უბრალო ქალი კი არა - დედოფალი უნდა მოკვდეს! ვახტანგს ისეთი კოცონი სჭირდება, რომელსაც ქვეყანა დაინახავს. ამიტომაც არ ანებებს იაკობი შუშანიკს, ქმარს დაუბრუნოს ძვირფასეულობა, რომელიც იგივე სადედოფლო ნიშნებია. მოითმინეო, ეუბნება, თუმცა მოსათმენი ნამდვილად აღარაფერი აქვს შუშანიკს."
2,ასევე შეგიძლიათ წაიკითხოთ,,81,"მოიცნო რა მოწინააღმდეგის ეს ჩანაფიქრი, ვარსქენმა სასწრაფოდ იაკობის ხელით (ასე უფრო კარგად მიუვა ამბავი ვახტანგს!) დაიბრუნა საქორწილო ნიშნები, ფაქტიურად, გაეყარა დედოფალს."
2,ასევე შეგიძლიათ წაიკითხოთ,,82,"აქ არის მეტად საინტერესო პასაჟი, რომელიც საკამათოდ ხდის ზოგიერთი მკვლევარის მოსაზრებას, თითქოს ვარსქენს მეორე ცოლი შეერთოს (ამას ყურადღება მიაქცია ა. ჯანაშიამ) . იაკობი რომ საქორწილო ნიშნებს მიუტანს, ვარსქენი მათ გულდაგულ დათვლის და დაათვალიერებს (“აღიხილა და იპოვა ყოველი გებულად”) და იტყვის ფრაზას, რომელიც უფრო გაბუტულსა და გულდაწყვეტილ ყრმას შეეფერება, ვიდრე გამძვინვარებულ მგელს: “მერმეცა იპოოს ვინმე, რომელმაც ესე შეიმკოს”. თუკი მას მეორე ცოლი ჰყავს, ვიღა უნდა იპოვნოს სხვა, რომელსაც ეს სამკაულები დამშვენდება? ნ. ჯანაშია წერს: “ტექსტის ანალიზი საშუალებას იძლევა დაბეჯითებით ითქვას, რომ ვარსქენს მეორე ცოლი, ყოველ შემთხვევაში შუშანიკის წამების პერიოდში, არ ჰყოლია” (იხ. ასახელებული ნარკვევით) ."
2,ასევე შეგიძლიათ წაიკითხოთ,,83,"ამრიგად, შუშანიკი ვარსქენის ცოლი აღარ არის, ვარსქენი თითქოს განთავისუფლდა. აგრამ მან არ იცოდა, რომ ვახტანგის მოქნილ გონებას მეორე, ამ შემთხვევისათვის გათვალისწინებული სვლაც ჰქონდა მომზადებული: ქმრისაგან უარყოფილი დედოფალი წმინდანად უნდა გარდაქმნილიყო. ეს იქნებოდა იქნებოდა ტანჯვის გზა დედოფლობიდან წმინდანობამდე. ო, რა შემზარავი ხვედრი ელოდა მას, ვინც კი გაბედავდა ასეთი წმინდანის ხელყოფას!"
2,ასევე შეგიძლიათ წაიკითხოთ,,84,"როდესა ეს სვლაც ნათელი გახდა ვარსქენისათვის, მან იგრძნო, რომ უკვე მახეში იყო გაბმული, რომ ოდნავი შეცდომაც კი სიკვდილის ფასად დაუჯდებოდა, ამიტომ როგორც ეს შეცდომა არ უნდა დაეშვა. ამისათვის გონებაცა და ღონეც მოსდევდა. მაგრამ ისეთი რამ უშლიდა ხელს, რასაც ვერაფრით მოერეოდა: მას შუშანიკი უყვარდა! უყვარდა მისი ოთხი შვილის დედა, ლამაზი ქალი. გაიხსენეთ, როგორ ეჭვიანობს ვარსქენი მაშინაც კი, როცა ნამდვილად გამძვინვარებულია; ვარსქენმა შუშანიკს შეუთვალა: შენ ნებით დაბრუნდი შინ, თორემ ვირზე შეგსვამდა დარუბანში ისე გაგაგზავნიო. შუშანიკმა უპასუხა, მაგას რა სჯობს, თუკი აქაურობას მომაშორებო. ვარსქენი ჩაფიქრდა: “ნუუკუე მთავართაგანსა ვისმე ეცოლოს” და ” მიერითგან აღარავის მიავლინა მისა” . შუშანიკი გრძნობს, თუ მოკვდება, ვარსქენიც დაემხობა. ამიტომ აირჩია სიკვდილის გზა. თანაც, მისთვის უთუოდ მომხიბლავია იდეა ერთად სიკვდილისა.."
2,ასევე შეგიძლიათ წაიკითხოთ,,85,"ერთი შეხედვით უმწეო შუშანიკის ქმედება უფრო შეტევის ნიშნითაა აღბეჭდილი, ვიდრე დავდაცვისა. შუშანიკი უტევს ვარსქენს, გამწარებული ღრღნის სიბრალულისა თუ სათნოების თოკს, ტრადიციის ბორკილს, ყველაფერს, რაც კი ხელს უშლის გულიდან იგლეჯს შვილებს, როცა ისინი რჯულს იცვნიალ: “სახელიცა მათი სძაგდა სმენად”."
2,ასევე შეგიძლიათ წაიკითხოთ,,86,"“უფალი მიაგებს” ვარსქენს სამაგიეროსო, - ამბობს ის. ჩვენ დღეს უკვე ვიცით იმ “უფლის” სახელი (იმანაც იცოდა, ვინც ამ სიტყვებს ამბობდა და იმანაც, ვინც ამ სიტყვებს იწერდა!) . ღმერთი ხომ თავისი რჩეულის ხელით იძიებს შურს, ვახტანგი კი ღმერთის რჩეულია (“ღმერთს უყვარდა”!) . ისინი ვიცით, როგორ გადაუხადა “უფალმა” სამაგიერო ვარსქენს (ვახტანგ მეფემ ვარსქენი მოაკვლევინა 482 წ.) ."
2,ასევე შეგიძლიათ წაიკითხოთ,,87,"დიდი სიძულვილი თუ დიდი სიყვარული ( სხვათა შორის, ამის გარჩევა ამ რომანში ჭირს და ეს არის ავტორის გენიალურობის ერთ-ერთი დამახასიათებელი ნიშანი) უცაბედი სინანულით ავსებს შუშანიკის სულს, თუმცა სწორედ ეს სინანულია, თუ ჯერ კიდევ მფეთქავი სიყვარული, მის ყოველ სიტყვასა თუ ქცევას უსაშველო უკიდურესობის იერს რომ აძლევს. “ოდეს ყოფილ არს აქამომდე, თუმცა მამათა და დედათა ერთად ეჭამა პური?!” - ყვირის ის და ჯოჯიკის ცოლს, რომელსაც ადრე დას ეძახდა, ღვინის ჭიქას შეამსხვრევს პირზე. ხლა ის გაღიზიანებულია იმიტომ, რომ სასიკვდილოდაა გამზადებული, მარტოა დარჩენილი. შუშანიკი მერე რამდენჯერმე დაიჩივლებს თავის სიმარტოვეზე. შიმარტოვემ კი მასზე გაცილებით ძლიერ არსებას ათქმევინა: “ღმერთო ჩემო, ღმერთო ჩემო, რაისათვის დამიტევენ მე?” (მათე, 27, 49)."
2,ასევე შეგიძლიათ წაიკითხოთ,,88,"ამ შემთხვევაში, რასაკვირველია, შუშანიკი უსამართლოდ ექცევა რძალსა და მაზლსაც, მაგრამ ამ საქციელის გამართლება მაინც შეიძლება. გარდა ამისა, როგორც უკვე ვთქვი, შუშანიკის მარტვილობას, მართლაც, თეატრალური იერი დაჰკრავს: შუშანიკს აშკარად უყვარს ყურადღების მიქცევა სიტყვითა თუ ქცევით, ანდა თუნდაც: “მიეყრდნა ყურესა ერთსა და მწარითა ცრემლითა ტიროდა”. ისევ გავიხსენოთ თუნდაც მისი ძვირფასი მოსასხამი, რომელსაც საპყრობილეშიც არ იშორებს, როგორც სადედოფლო ინსიგნიას (როგორც ჩანს, არც ძვირფასეულობის მოშორება უნდა ყოფილიყო მისთვის ადვილი) ჯოჯიკმა და მისმა ცოლმა შუშანიკი ქმართან შესარიგებლად მოიყვანეს, ამიტომ უნდა ვიფიქროთ, რომ შეეცდებოდნენ ზედმეტად არ გაებრაზებინათ. ალბათ ყოველდღე - ჩვეულების მიხედვით - ერთად ჭამდნენ პურს და ახლაც ერთად დასხდნენ პურის საჭმელად. შუშანიკს კი ეს მოულოდნელად ეუცხოვა. რასაც გუშინ მნიშვნელობა არ ჰქონდა, დღეს სწორედ იმან შეიძინა მისთვის გადამწყვეტი მნიშვნელობა."
2,ასევე შეგიძლიათ წაიკითხოთ,,89,"შუშანიკის თვალი დღეს გაცილებით მეტს ხედავს, შუშანიკის ყურს დღეს გაცილებით მეტი ესმის, ვიდრე გუშინ. მთელი მისი არსება დაძაბულია და შემართულია, რადგან სასიკვდილოდაა გამზადებული და თუმცა ეს სიკვდილი, უფრო სწორად - ასეთი სიკვდილი მან თვითონვე აირჩია, თავისი ცხოვრების მოწოდებად აქცია, მისი ახალგაზრდა, ჯერ კიდევ სიცოცხლით სავეს ბუნება (ალბათ მისდაუნებურად) გამწარებით იბრძვის გადასარჩენად და ეს ბრძოლა თუნდაც საკუთარ თავთან (ბუნების ბრძოლა გონებასთან!) მეტად საინტერესო მხარეა ამ დიდი რომანისა."
2,ასევე შეგიძლიათ წაიკითხოთ,,90,"ამ ნაწარმოების ყველა პერსონაჟი ერთს ამბობს და მეორეს ფიქრობს-მეთქი. გაიხსენეთ თუნდაც სპარსეთის მეფის მსტოვარი, სპარსი მეთვალყურე ვარსქენისა. გაიხსენეთ მისი დათაფლული სიტყვები. თქვენ წარმოიდგინეთ, ეს მაზდეანი სპარსელი ქრისტიანობისათვის წამებული დედოფლისათვის ბორკილის ახსნასაც კი სთხოვს ვარსქენს. მაგრამ არც მისმა სიტყვამ უნდა მოგვატყუოს და არც ქცევამ. მას სხვა მისია აქვს დავალებული და ასრულებს კიდეც: საპიტიახშოს ხვალინდელ დღეს უნდა ჩაუყაროს საფუძველი, ანდა, უფრო სწორად - წყალი ჩააყენოს საპიტიახშოს ხვალინდელი დღის საძირკველში. Gგულუბრყვილობა იქნებოდა გვეფიქრა, რომ ვარსქენის შვილებს რჯული მისი მცდელობის გარეშე შეუცვალეს."
2,ასევე შეგიძლიათ წაიკითხოთ,,91,"ახლა მინდა თითქმის სიტყვასიტყვით მოგიყვანო შუშანიკისა და იაკობის დიალოგი, რომელიც ყველა დროის ლიტერატურის მიღწევად მიმაჩნია. აქ ყოველი ფრაზა თითქოს ადამიანის სულის უფსკრულიდანაა ამოსროლილი, რათა ერთი წამით ჩაისუნთქოს ამქვეყნიური ჰაერი და ისევ საიდუმლო წიაღს დაუბრუნდეს."
2,ასევე შეგიძლიათ წაიკითხოთ,,92,"ეს არის დიალოგი, რომელსაც შექსპირიც კი მოაწერდა ხელს:"
2,ასევე შეგიძლიათ წაიკითხოთ,,93,"“და ვარქუ ნეტარსა შუშანიკს: “ღუაწლსა დიდზა შესვლად ხარ, დედოფალო, ეკრძალე სარწმუნოებასა ქრისტეისსა, ნუუკუე, მტერმან ვითარცა სრსვილმან საძოვარი პოოს შენ მათა”. ხოლო წმინდამან შუშანიკ მრქუა მე: “ხუცეს, და მეცა დიდსა ღუაწლსა განმზადებულ ვარ”. და მე ვარქუ მას: “ეგრეთ არს, მხნე იყავ, მოთმინე და სულგრძელ”, ხოლო მან მრქუა მე: “ჩემდა მარტოისა არიან ჭირნი ესე?”. ხოლო მე ვარქუ მას: “ჭირი შენი, ჭირი ჩუენი არს და სიხარული შენი, სიხარული ჩუენი არს. ჩუენი არა ხოლო თუ დედოფალი ოდენ იყავ, არამედ ჩუენ ყოველთა ვითარცა შვილთა გუხედავდ”."
2,ასევე შეგიძლიათ წაიკითხოთ,,94,"და ვარქუ მე სანატრელსა მას ხუაშიადადრე: “ვითარ გეგულების, მითხარ მე, რაითა უწყოდი და აღვწერო შრომაი შენი”. ხოლო მან მრქუა მე: “რაისა მკითხაბ ამას?” და მე “მიუგე და ვარქუ მას: “მტკიცედ სდგაა?”.."
2,ასევე შეგიძლიათ წაიკითხოთ,,95,"როცა შუშანიკი გაიგებს, ვარსქენმა რჯული შეიცვალაო, შინიდან წავა: “სახლაკი ერთი მცირეი პოვა მახლობლად ეკლესიასა და შევიდა მუნ შინა სიმწრითა სავსეი”. მ დროს იაკობი სასახლეში არ არის, ეპისკოპოს აფოცს ახლავს. როგორც ჩანს, მას აფოცისგან დამალულად ატყობინებენ ამბავს, რადგან შეუძლებელია აფოცსაც, რომელიც იყო ეპისკოპოსი “სახლისაი მის პიტიახშისაი”, გაეგო ეს მეტად მნიშვნელოვანი ამბავი და სასწრაფოდ არ დაბრუნებულიყო სასახლეში."
2,ასევე შეგიძლიათ წაიკითხოთ,,96,"იაკობი კი ამბობს: “მე ვიჯმენ ადრე და მივაწიე დაბასა მასო”, აი, ახლა კი ნათელი გახდება, თუ რატომ ჩქარობდა ასე იაკობი, რატომ მოეშურებოდა ასე შუშანიკის სანახავად: ჯერ ერთი, უნდოდა, რომ აფოცისათვის დაესწრო, იმ ეპისკოპოსისათვის, რომელიც ვარსქენის ჩამოსვლისთანავე დედოფალთან წავა და შეეცდება რჯულგამოცვლილ ქმართან მის დაბრუნებს. მეორეც ( და რაც მთავარია! ) - ამდენი ხნის შემზადებული გეგმა ამოქმედდა, ზარი ჩამოირეკა, ამ წუთს იაკობი დიდი ხანია ელოდებოდა, აქამდე მხოლოდ ამისთვის იღვწოდა, თავის მოწაფე შუშანიკს ამისთვის ამზადებდა."
2,ასევე შეგიძლიათ წაიკითხოთ,,97,"და აი, იაკობი შუშანიკისკენ მიიჩქარის! საჭიროა, კიდევ ერთხელ შემოწმდეს, შეუძლია თუ არა დედოფალს აღთქმული სიმტკიცის გამოჩენა, საჭიროა, კიდევ ერთხელ.. არა, კი არ ანუგეშოს, არამედ შეახსენოს მოვალეობა."
2,ასევე შეგიძლიათ წაიკითხოთ,,98,"- “ღუაწლსა დიდსა შესვლად ხარ, დედოფალო, ეკრძალე სარწმუნოებასა ქრისტეისასა, ნუუკუე მტერმან ვითარცა სრსვილმან საძოვარი პოოს შენ მათა”."
2,ასევე შეგიძლიათ წაიკითხოთ,,99,"თითქოს კარიდანვე ეძახის ამ სიტყვებს, ჩქარობს, შორიდან მოვლის დრო არა აქვს. ან უკვე იცის, რაც უნდა მოხდეს., ანდა, რაც უნდა მოჰყვეს შუშანიკის სახლიდან წასვლას. იდი ხანია მთელი სასახლე ამაზე ჩურჩულებს, დიდი ხანია ვარსქენი შეთქმულებას ამზადებს, უკვე დიდი ხანია ამაოდ ებძვის შუშანიკი ქმარს “და უკეთურებისა მის სახისა ქმრისა მამისაისა მარადის გულს ეტყვიან და ევედრებიან ყოველთავე ლოცვის ყოფად მისთვის, რაითამცა ცვალა იგი ღმერთმან სახისა მისგან უგუნურებისა და უქმნამცა გონიერებასა ქრისტეისსა”."
2,ასევე შეგიძლიათ წაიკითხოთ,,100,"ამ ნაწარმოებს ჰყავს, მართალია, უჩინარი, მაგრამ ალბათ ყველაზე მნიშვნელოვანი გმირი. და თუ ნაწარმოებში მოქმედ პერსონაჟთა ხასიათებს მასთან მიმართებით განვიხილავთ, თუ მათ ქცევებს დავაკვირდებით, წყვდიადიდან ამოიზრდება მეტად ჭკვიანი, გამჭრიახი, ძლიერი და.. მრისხანე არსება - მეფე ვახტანგი! რომანის მოქმედი პირები თითქოს ვიღაც დიადის თვალთა არეში ტრიალებენ და გამუდმებით გრძნობენ მის დაჟინებულ მზერას, ამიტომ ამბობენ ერთს და ფიქრობენ მეორეს, სახლიდან გარბიან ანდა ემალებიან ვიღაცას, ან საკუთარ თავს, კლავენ უძვირფასეს არსებას, მაგრამ ცოცხლად ტოვებენ გამოაშკარავებულ მსტოვრებს."
2,ასევე შეგიძლიათ წაიკითხოთ,,101,"მოკლედ, ცურტაველი პიტიახშის სასახლეში ტრაგედია ტრიალებს, რომელიც დიდი ხანია მზადდებოდა, დიდი ხანია ჰყავდა მიჩენილი ვახტანგისგან შუშანიკს იაკობი, თუმცა დედოფლის გადმობირებას რა უნდოდა? მას ხომ ბავშობიდანვე ესმოდა შეთქმულთა ჩურჩული თუ მკერდში გამწარებული მჯიღის ბაგუნი. თვალწინ ედგა მამა-ბიძათა ფერმკრთალი (შიშისაგან თუ მღელვარებისგან) სახეები. ხლა ქართველთა დიდი მეფე, რომელსაც მისი “თესლი და ტომი” (ასე რომ უგინა ვარსქენმა!) თანაუგრძნობდა, დიდ შეთქმულებას ამზადებდა საერთო მტრის წინააღმდეგ და შუშანიკის სულიც უკვე მას ეკუთვნოდა, მასთან იყო.. დანარჩენი მოვლენები თუ ბედისწერამ დააჩქარა."
2,ასევე შეგიძლიათ წაიკითხოთ,,102,"- “ხუცეს, და მეცა დიდსა ღუაწლსა გამზადებულ ვარ”."
2,ასევე შეგიძლიათ წაიკითხოთ,,103,"ნარბენმა იაკობმა უკვე სული მოითქვა, შუშანიკის სიტყვებმა მთლად დაამშვიდა, მაგრამ ახლა მისთვის საინტერესოა, როგორ ესმის შუშანიკს, მის მოწაფეს ცნება-“ღვაწლი”, როგორც უმტკივნეულო, მომხიბლავი თეატრალური პოზა, თუ როგორც გავარვარებული შანთი და კვერთხი. ამიტომაც ნიადაგის მოსინჯვას იწყებს:"
2,ასევე შეგიძლიათ წაიკითხოთ,,104,"“-ეგრეთ არს, მხნე იყავ, მოთმინე და სულგრძელ”."
2,ასევე შეგიძლიათ წაიკითხოთ,,105,"ეს თითქმის იმის თქმაა, რომ ფიზიკური წამებისათვის იყავი მზადო, რომლის დროსაც მეტი ვერაფერი დაგეხმარება, გარდა მოთმინებისა და რომლის დროსაც იგრძნობ, თუ მოგეჩვენება, რომ ყველამ მიგატოვა. ღადგან ტანჯვა დიადთა წილხვედრია, ამიტომაც სულგრძელიც უნდა იყო, თორემ ისე ძალიან გაგიჭირდება იმის ატანა, რისთვისაც გამზადებული ხარ, რადგან სწორედ მარტოობაა ამ ქვეყნად ყველაზე საშინელიო."
2,ასევე შეგიძლიათ წაიკითხოთ,,106,- “ჩემდა მარტოისა არიან ჭირნი ესე”.
2,ასევე შეგიძლიათ წაიკითხოთ,,107,"შუშანიკი მიხვდა, საითც უმიზნებდა იაკობი, მაგრამ ფიზიკურ ტკივილზე ჯერ არაფერი უფიქრია (ვერც წარმოიდგინა!) იმის გაფიქრებამ შეზარა, რომ მართლაც მარტო იყო და, ეტყობა, ეს სიმარტოვე დიდი ხანია რაც დაიწყო. ჯერჯერობით დედოფალი იმაზე არ დაფიქრებულა, თუ რატომ სთხოვდნენ სულგრძელობას. სულგრძელობის თხოვნა ხომ იგივე პატიების თხოვნაა საკუთარი უმოქმედობისათვის, საკუთარი პასიურობისათვის, საკუთარი უმწეობისათვის. სულგრძელობა, რა თქმა უნდა, ყველაზე უფრო მიტოვებული კაცისაგანაა მოულოდნელი, მაგრამ უიმისოდ კი ეს ადამიანი ნამდვილად გატყდება, პირველივე წამების დროს დაიფშვნება წლობით ნაშენი სიმტკიცე."
2,ასევე შეგიძლიათ წაიკითხოთ,,108,"ამრიგად, შუშანიკი ჯერ ვერ მიხვდა, რომ სულგრძელობას სთხოვენ მას, ვისაც სიმარტოვეში ტანჯვა და სიკვდილი ელის."
2,ასევე შეგიძლიათ წაიკითხოთ,,109,"იაკობმა იგრძნო, რომ ქალი ჯერ გაბრუებული იყო იმ სითამამით, იმ მართლაც თამამი საქციელით, რაც ჩაედინა, ხოლო ამ საქციელის შედეგი კი ვერ წარმოედგინა."
2,ასევე შეგიძლიათ წაიკითხოთ,,110,"მართალია, იაკობი უამრავ აგიოგრაფიულ წიგნს უკითხავდა. უამრავ ამბავს უყვებოდა წმინდანების ცხოვრებასა და ტანჯვაზე, მაგრამ ერთია წაკითხულის მოსმენა და მეორე, როცა ეს ტანჯვა პირადად შენ გემუქრება. ადამიანის ბუნება ისეა მოწყობილი, რომ თავისთვის შეუძლებლად მიაჩნია ის უბედურება, რაც სხვასთან დაკავშირებით მომხიბვლელადაც კი ეჩვენება. იაკობმა ყველაფერი ეს იცის, ამიტომაც ინდობს დედოფალს. შუშანიკის ნათქვამი, მარტო ვარო, ჰაერში გამოკიდებული რომ არ დარჩეს, ისე, ზოგადად შეეკამათება ისეთი ფრაზებით, რომლებიც არაფერს ავალდებულებს მას და არც… არავის.."
2,ასევე შეგიძლიათ წაიკითხოთ,,111,"“ჭირი შენი, ჭირი ჩუენი არს და სიხარული შენი , სიხარული ჩუენი არს”. და ამას მოჰყვება ფრაზა, რომელმაც უკვე აშკარად უნდა მიანიშნოს შუშანიკს, თუ რა ელის მას:"
2,ასევე შეგიძლიათ წაიკითხოთ,,112,"“ჩუენი არა ხოლო თუ დედოფალი ოდენ იყავ, არამედ ჩუენ ყოველთა ვითარცა შვილთა გუხედევდ”."
2,ასევე შეგიძლიათ წაიკითხოთ,,113,"ეს ფრაზა თითქოს არაფერს ამბობს, თითქოს ეფერება და ეალერსება დედოფლის პატივმოყვარეობას, მაგრამ ის, ვინც ეს ფრაზა იმ სიტუაციაში მოისმინა, ალბათ შეაძრწუნა მისმა ფარულმა აზრმა: შენ იყავი და აღარა ხარ, შენ აღარასოდეს აღარ იქნები ჩვენი დედოფალი! თუმცა ასეთი კატეგორიული, განაჩენის მსგავსი დასკვნებისთვის შუშანიკს ჯერ ისეთი არაფერი გაუკეთებია, რამდენი ქალი გამოქცეულა ქმრის სახლიდან, მგრამ მერე მიბრუნებულა ისევ, იაკობმა შუშანიკს უკან დასახევი გზა მოუჭრა: შენ ვარდან მამიკონიანის ასული ხარ, დედოფალი, ასეთები უკან აღარ ბრუნდებიანო."
2,ასევე შეგიძლიათ წაიკითხოთ,,114,"შუშანიკი ახლა კი მიხვდა! მთელი სხეულით შეიგრძნო განსაცდელი ტკივილი. ეტყობა, სუნთქვა შეეკრა, რადგან დიალოგში მისი ფრაზა გამოტოვებულია, იაკობი კი, რადგან დაიცყო, ბოლომდე ამბობს სათქმელს:-“ვითარ გეგულების, მითხარ მე, რაითა უწყოდი და აღვწერო შრომაი შენი”. აი, დადგა ნეტარი წამი თავგანწირვისა, შენ ღმერთმა გარგუნა გააკეთო მისთვის სასიკეთო საქმე, მსგავსად იმ წმინდანებისა, რომელთა მოწამეობრივ ცხოვრებაზე ასე ქვითინებდი ხოლმე. ახლა შენზედაც შეიძლება დაიწეროს ასეთივე წიგნი და მე დავწერ მას, რმეთუ სულიერი მიძღვარი ვარ შენი."
2,ასევე შეგიძლიათ წაიკითხოთ,,115,"ეს არ იყო წაქეზება. დარწმუნებული ვარ(და ეს ტექსტშიც მკაფიოდ მოჩანს), იაკობს ძალიან უყვარდა თავისი გაზრდილი შუშანიკი და ალბათ დაუფიქრებლად შეეწირებოდა საქმეს მის ნაცვლად. მაგრამ ამ შემთხვევაში საქმე მარტო მსხვერპლად შეწირვაში არ იყო, აქ მსხვერპლის მნიშვნელობას ენიჭებოდა განსაკუთრებული როლი, დიდი საქმე დიდ მსხვერპლს მოითხოვდა. ჩვენ დღეს, თხუთმეტი საუკუნის მერე, ვიცით, თუ რა დიდი იყო იაკობი, მაგრამ მაშინ ის უბრალო ხუცესი იყო,-მეტი არაფერი."
2,ასევე შეგიძლიათ წაიკითხოთ,,116,"თუმცა განა თვითონ იაკობსაც გამუდმებით საფრთხე არ ემუქრებოდა? დააკვირდით ტექსტში მისი მოძრაობის რიტმს და მიხვდებით, რომ მან იცის, ყოველი ფეხის ნაბიჯზე მახეს შეიძლება გადააწყდეს:”ხოლო მე ვიჯმენ ადრე”… “და მე ვისწრაფდი გამოსვლად..” “წარვედ სწრაფით ვანამ ჩემდა”. ისე რამდენი გადაურჩა ნაადრევ სიკვდილს იმით, რომ მისმა თანამედროვეებმა მისი ფასი არ იცოდნენ…"
2,ასევე შეგიძლიათ წაიკითხოთ,,117,"შუშანიკის ბუნებ წამით აჯანყდება, გაუძალიანდება ამ უსასტიკეს გადაწყვეტილებას. მან იცის, რომ წიგნი შენი ცხოვრების შესახებ მარტო შენი სისხლით იწერება. არა, -ყვირის მთელი მისი არსება, -მე სიკვდილი არ მინდა! მაინც ერევა თავსა და ნაძალადევი სიმშვიდით ამბობს:"
2,ასევე შეგიძლიათ წაიკითხოთ,,118,- “რაისა მკითხავ ამას?”
2,ასევე შეგიძლიათ წაიკითხოთ,,119,"ეს ხომ ბავშვური, გულუბრყვილო თამაშია საკუთარი მიუხვედრელობისა! ამავე დროს ერთგვარი გაბრძოლებაცაა, დროის გაყვანაა, გარდაუვალის ცოტათი იქით, თუნდაც რამდენიმე წამით, გადაწევაა."
2,ასევე შეგიძლიათ წაიკითხოთ,,120,"რა არისე ეს? - ფიქრობს იაკობი, - ნუთუ ამ ქალის სიმტკიცეს ბზარი გაუჩნდა? ამიტომ ცოტა შიშითაც კი ეკითხება:"
2,ასევე შეგიძლიათ წაიკითხოთ,,121,- “მტკიცედ სდგაა?”
2,ასევე შეგიძლიათ წაიკითხოთ,,122,"ეს არაჩვეულებრივად დაძაბული, ფსიქოლოგიური მომენტი ნამდვილი დიდოსტატის მიერაა აღნიშნული. აქ ადამიანის შიში და უმწეობა, ხელფეხშეკრული მსხვერპლის ფართხალია გადმოცემული. ე სარის ბუნების გაბრძოლება გონების წინააღმდეგ, რაზედაც ზემოთაც მოგახსენებდით. ტყუილად კი არ ამოიღო ეს ფრაზები ეკლესიის ფხიზელმა დარაჯმა ანტონმა ტექსტის მისეულ რედაქციაში(იხ. ნ. ჯანაშიას დასახელებული ნარკვევი)."
2,ასევე შეგიძლიათ წაიკითხოთ,,123,"მაშ ასე: იაკობმა უთხრა სუშანიკს, უფრო სწორად - მიახვედრა, თუ რას მოითხოვდნენ მისგან. დედოფალმაც ეს მოთხოვნა ზუსტად გაიგო. ამ საუბრიდან რამდენიმე დღის მერე, როცა სიკვდილამდე ჯერ კიდევ ძალიან შორს არის(6 წელი), შუშანიკი იტყვის:"
2,ასევე შეგიძლიათ წაიკითხოთ,,124,"“უფალო ღმერთო, შენ უწყი, ვითარმედ მე გულითად სიკუდილად მივალ”."
2,ასევე შეგიძლიათ წაიკითხოთ,,125,"ამ პატარა დიალოგზე ასე დაწვრილებით იმიტო კი არ შევჩერდი, რომ ის თავისი ლიტერატურული ღირსებით გამოირჩევა, არამედ იმის თქმა მინდოდა, რომ ეს რომანი თავიდან ბოლომდე ასეთი დიდიოსტატობით არის დაწერილი - მეთქი. ეს არის ჭეშმარიტი პოეტური პროზა, სადაც მაღალი ხელოვნების ენითაა გადმოცემული ადამიანთა ხასიათის ევოლუცია. ამიტომაც არ შეიძლება ვთქვათ, რომ იაკობი მხოლოდ ბიოგრაფია, თუმცა კი თვითონ ეუბნევა შუშანიკს, შენი ცხოვრება უნდა აღვწეროო. ის არა მარტო იმას წერს, რასაც ხედავს, არამედ უმთავრესად იმას, რაც უნდა რომ დაინახოს, ფაქტობრივ სიზუსტეს ცვლის პოეტური სიზუსტით და გრძნობს, რომ ეს მეორე გაცილებით უფრო ზუსტია და გამძლე, ვიდრე პირველი. იაკობი, უპირველეს ყოვლისა, პოეტია, ქმნის “მეორე სინამდვილეს”, ლიტერატურას."
2,ასევე შეგიძლიათ წაიკითხოთ,,126,"საკმარისია ერთი პაწაწინა ნიუანსი, კალმის ერთი მოსმა, რომ თვალწინ წარმოგვიდგეს მთელი საპიტიახშოს მორალური და ზნეობრივი ცხოვრების ატმოსფერო., რომელიც მაინცდამაინც სახარბიელო შთაბეჭდილებას არ ტოვებს. ეს არც არის გასაკვირი: დაპყრობილ ქვეყანაში მორალური თუ ზნეობრივი ნორმების დონე ყოველთვის დაბალია, ისევე როგორც, სხვათა შორის, დამპყრობელ ქვეყანაშიც. მცველი, რომელიც შუშანიკის გაზრდილია (“უბადრუკო, არა მისიგაზრდილი ხარა?”), როცა იაკობს შუშანიკთან შეუშვებს, მალულად ყურს უგდებს მათ საუბარს ( ეს არის სწოედ ცნობილი საუბარი იაკობისა და შუშანიკისა ვარსქენისათვის სადედოფლო ნიშნების დაბრუნების თაობაზე) და მაშინვე ვარსქენს ატყობინებს, ფაქტიურად გამზრდელს აბეზღებს: “და ჩუენდა ამას განვიზრახევდით, მოვიდა ყმაი ერთი და თქვა: “იაკობ მანდა არსა?” და მე ვარქუი, ვითარმედ “რაი გინებს?” და მან მრქუა: “უქესს პიტიახში”. ვისგან უნდა გაეგო ასე უცებ ვარსქენს იაკობის სამყოფელი, თუ არა იმ მცველისგან!"
2,ასევე შეგიძლიათ წაიკითხოთ,,127,მეორე შემთხვევაში მცველი ქრთამს იღებს იაკობისაგან. (“უქადე ჭურჭელი ერთი სამისოი”) და ისე უშვებს საკანში შუშანიკთან.
2,ასევე შეგიძლიათ წაიკითხოთ,,128,"ეს ხომ ასეა, მაგრამ თუნდაც ამ ორ პაწაწინა პროზაულ დეტალს თავისი ქვეტექსტი აქვს, არც ისინია ერთგანზომილებიანი, - მათ სიღრმეში კიდევ სხვა საიდუმლოა დანთქმული. მართლაც, განა საკვირველი არ არის, რომ იაკობი ასე ადვილად შედის შუშანიკთან, როცა ვარსქენს ნაბრძანები აქვს, არავინ შეუშვათო? მაშ, რატომ ხდება ასე? ლოგიკური იქნება, თუ ვიფიქრებთ, რომ ვარსქენიც, თავის მხრივ, მახეს აგებს, არც შეიძლებოდა, რომ ის გულხელდაკრეფილი მჯდარიყო. უშვებს რა შუშანიკთან იაკობს (რომელიც მისთვის აშკარად ვახთანგის კაცია) , საკუთარი მსტოვრების წყალობით (რომლებიც ყველა “ბედნიერებასთან” ერთად მექრთამეებიც არიან) , იგებს იმ საიდუმლოს, რაც ყველაზე უფრო აინტერესებს (გაიხსენეთ თუნდაც, შუშანიკისგან სადედოფლო ნიშნების დაბრუნების ამბავი) . როცა ვხედავთ, ვერაგი ვარსქენი იაკობს თავის სასარგებლოდ იყენებს. ეს შეიძლება იაკობმა არც კი იცის, ანდა უარესი - იცის, მაგრამ სხვა გზა არააქვს. ამიტომაცაა სწორედ, გამიდმებით რომ ეშინია რაღაცისა."
2,ასევე შეგიძლიათ წაიკითხოთ,,129,"უაღრესად დაძაბული, მღელვარე ამბავი რომანში დამორჩილებულია, ლომივითაა გამომწყვდეული რიტმულად მშვიდი სინტაქსის რკინის გალიაში. ამ რომანისთვის სრულიად უცხოა პათეტიკა, ამანაც აფიქრებინა ზოგიერთ მკვლევარს, რომ ის აგიოგრაფიულ ჟანრს არ ეკუთვნის. სასწაულები, რომელთაც შუშანიკი ახდენს, აშკარად ჩამატებულია ხალხური აგიოგრაფიის გავლენით, ანდა ჟანრის მოთხოვნილებისა და უბრალო ხალხის ესქატოლოგიური მისწრაფებების გათვალისწინებით. ავტორის დახვეწილი გემოვნება და ზომიერების გრძნობა იცავს ამ რომანს უამრავი ციტატებისაგან, სხვადასხვა თქმულებებისა და ლეგენდების ჩართვისაგან. აქ ვერ შეხვდებით მცირე დათმობასაც კი იმათთვის, ვისაც ნამდვილი პოეზია არ ესმის. გენიოსი თვითონ ზრდის თავიმ მკითხველსა თუ მსმენელს. როცა ბიზანტიური აგიოგრაფიისაგან სრულიად განსხვავებულ, თვისობრივად ახალ ქართულ აგიოგრაფიას ქმნიდა, იაკობი კიდევ ერთხელ ნათელს ხდიდა, გავლენა არა მარტო მსგავსებას, არამედ დაპირისპირებასაც რომ გულისხმობდა."
2,ასევე შეგიძლიათ წაიკითხოთ,,130,"ამ რომანს გარედან აგიოგრაფიის სიფრიფანა ყინულის ჯავშანი აქვს შემორტყმული, ხოლო შიგნიდან ამ ყინულს ასხივოსნებს და ანათებს ადამიანური ვნებების შუქი. შუშანიკსაც ხომ “შინაგან ძაძაი ემოსა და არავინ იცოდა ჩემსა გარეშე, ხოლო გარეგან კაცთა თუალსა ანტიოქიის პალეკარტი ემოსა”."
2,ასევე შეგიძლიათ წაიკითხოთ,,131,"ალბათ იშვიათად წაგვიკითხავს წიგნი ისეთ ტრაგიკულ სიყვარულზე, როგორიც მოთხრონილია ამ თხზულებაში. იშვიათად იმიტომ, რომ ეს არის სულის მხურვალე ქურაში სიძულვილად გარდაქმნილი სიყვარული და ჩვენ, მხოლოდ სიძულვილის მოწმენი, სწორედ მისი წყალობით ვგრძნობთ, ვხვდებით, თუ რა ძალით უყვარდათ ერთმანეთი ვარსქენსა და შუშანიკს. ესეც კიდევ ერთხელ ამტკიცებს, რომ ამ ნაწარმოებს არაფერი აკლია, სრულიად არის მოღწეული, რომ ეს საერთოდ ავტორის სტილია, უფრო სწორად - განსაკუთრებული უნარი: მოგიყვეს ერთი ამბავი და პარალელურად, ანდა უფრო ზუსტად - ამ ამბის მიღმა დაგანახოს მეორე, გაცილებით უფრო მძაფრი, ხმამახლა მოყოლილი ამბის კონტრასტული ცხოვრება."
2,ასევე შეგიძლიათ წაიკითხოთ,,132,"ო, რა საშინელი იყო ის დღე ვარსქენისათვის, როცა მოთმინებადაკარგულმა, გონებასგადამცდარმა შუშანკის პირველად ხელი შემოჰკრა."
2,ასევე შეგიძლიათ წაიკითხოთ,,133,"ვარსქენმა ღამე თეთრად გაათია “და ვითარცა ცისკარ ოდენ იყო, იკითხა და თქუა მსახურისა მიმართ მისისა, ვითარმედ: “წყლულებისა მისგან ვითარ არს”?"
2,ასევე შეგიძლიათ წაიკითხოთ,,134,"ეს არის პირველი გამოფხიზლება, საკუთარ არსებაში მეორე, აქამდე უცნობი, დაუნდობელი და საზარელი არსების აღმოჩენა. სიყვარულის ბოლო სანთელი - სიბრალული ჯერ კიდევ კიაფობს, თუმცა ერთმანეთი ბოლომდე ეცოდებათ შუშანიკსა და ვარსქენს, საბრალოსა და საცოდავს დასძახიან ესთიმეორეს და ამ ფრაზებს სულჩადგმული არსებებივით აძევებს ეკლესიის საუფლოდან გამჭრიახი და ჭკვიანი ანტონი."
2,ასევე შეგიძლიათ წაიკითხოთ,,135,"მსახურმა ვარსქენს უპასუხა, ცუდად არისო. “მაშინ თვით შევიდა და იხილა იგი და დაუკვირდა დიდძალი იგი სიმსივნეი მისი”. გაუკვირდაო! - აი, ის, რასაც ვამბობდი, თითქოს ეს საშინელება მას კი არა, სხვას, სხვას ჩაედინოს, სხვას ძალით. ო, ეს სხვა, სხვა, ამქვეყნიური პატივმოყვარეობის ტალახიდან რომ არის შეთითხნილი და რომელიც უფრო ძლიერი ყოფილა, ვიდრე… ვიდრე თუნდაც სიყვარული! “და ამცნო მსახურსა მას და ჰრქუა: “ნუმცა ვინ შევალს ხილვად მისა”. “და თვით ნადირობად წარვიდა”. არა - გაიქცა, გაერიდა. საკუთარ თავს დაემალა!… ხოლო იმავე დილით შუშანიკი იტყვის: “ნუ სტირ ჩემთვის რამეთუ დასაბამ სიხარულისა იქმნა ჩემდა ღამეი ესე”."
2,ასევე შეგიძლიათ წაიკითხოთ,,136,"ქალის შეუმცდარმა ალღომ უკარნახა, ანიშნა, რომ ვარსქენს ისევ უყვარს, უყვარს და იტანჯება და, ამდენად, შეუძლია ჯოჯოხეთის ცეცხლი წაუკიდოს მას, აწამოს, რადგან ჯერაც კაცს არ მოუგონია წამება ამაზე უმაღლესი. ეს კი მისი, როგორც ქალის, გამარჯვებაა, ახლა უკვე ადვილია რწმენისთვის სიკვდილიც… კიდევ ერთხელ დავაკვირდეთ ტექსტს: შუშანიკი, იმათ ბედ-იღბალს, ვინც ადრე უყვარდა, ვისაც ახლა გულიდან იგლეჯს, ღმერთს აბარებს (“ღმერთმან მიგიტევენინ”) : შვილებს, ჯოჯიკს, ჯოჯიკის ცოლ-შვილს; ვარსქენს არა, ვარსქენს თავისთვის იტოვებს. ვარსქენთან ერთად კვდება!"
2,ასევე შეგიძლიათ წაიკითხოთ,,137,"და აი, უსათუოდ უნდა დადგეს წამი, როცა ეს ორი დაპირისპირებული, ერთნაირად გააფთრებული არსება უნდა შეეჯახოს ერთმანეთს, რათა ორივე დაიღუპოს, და უცაბედად ტექსტიდან, როგორც ჭრილობიდან სისხლი, იფეთქებს სურათი, რომელიც მშვენებაა ქართული ერისა: “და ეგრეტ წმიდაი შუშანიკ თრევით მოითრია თიხათა შიგან და ეკალთა ზედა, ეკლესიით ვიდრე ტაძრამდე, ვითარცა მკუდარი მიეთრია. და ადგილდ - ადგილდ ქუე ძეძვი დაეფინა. და თვით ფეხნი დაიდგნის ძეძუსა ზედა, და კუბასტნი შუშანიკისნი და ხორცნი წულილწულილად დაებძარნეს ძეძუსა მას. და ეგრეტ მოიყვანეს იგი ტაძრად და უბრძანა შეკვრაი მისი და ცემაი, ბოროტებდა და იტყოდა: “აჰა ეგერა, არა გერგო შენ ეკლესიაი შენი და არცა ზურგნი ეგრე შენნი ქრისტიანენი, და უფალი იგი მათი”. და ვითარცა სცეს კუერთხითა სამას ოდენ, არარაი აღმოხდა პირსა მისსა ვაიებაი, არცა კუნესაი. მაშინღა ჰრქუა წმინდამან შუშანიკ ურჯულოსა ვარსქენს: “უბადოო, შენღა თავი თვისი არა შეიწყალე და განსდეგ ღმთისაგან, შენ მემცა შემიწყალეა?”"
2,ასევე შეგიძლიათ წაიკითხოთ,,138,ამ დროს რაღაც იდუმალი ძალისა და ასევე იდუმალი ასოციაციის წყალობით ჩვენს მეხსიერებაში გაიელვებს ვაჟას გენიალური სტრიქონები:
2,ასევე შეგიძლიათ წაიკითხოთ,,139,მოჰყავდა ზვიადაური ხელშეკონილი გროვასა…
2,ასევე შეგიძლიათ წაიკითხოთ,,140,"ამ ნაწარმოებით არა მარტო იმის დადგენა შეგვიძლია, ქართული ლიტერატურა მანამდეც დიდი ხანია რომ არსებობდა, არამედ იმისაც, თუ რა მაღალ საფეხურზე იდგა სახელმწიპოებრივი ინსტიტუტე. ის მეტად დახვეწილი, რთული, ამავე დროს თითქოს უჩინარი ინტრიგა თუ ბრძოლა, ადამიანები, რომლებიც ამ ინტრიგასა თუ ბრძოლას წარმართავენ, აშკარად ადასტურებე იმ ფაქტს, რომ სახელმწიფოებრივი მართვა-გამგებლობის აპარატი უკვე დიდი ხანია, რაც გააზრებულად, გეგმაზომიერად მუშაობს."
2,ასევე შეგიძლიათ წაიკითხოთ,,141,"დიდი ივანე ჯავახიშვილის აზრით, ვახტანგმა რომ ვარსქენი მოაკვლევინა, “ეს სპარსეთის ბატონობის წინაარმდეგ ამბოხების წინამორბედი იყო. სწორედ ასეც ჩამოართვეს ეს ამბავი სომხებმაც, რომელთა შორის პირველი დამარცხების შემდგომაც სპარსეთისადმი უკმაყოფილება წინანდებურად რვიოდა და თვითონაც აუჯანყდნენ სასანელ მეფეს”. როდესაც აღნიშნავს ვახტანგისგან ვარსქენის მოკვლის ფაქტს, დიდი მეცნიერი სამართლიანად არ იზიარებს იმ მკვლევართა აზრს, ვისაც “მისი მოქმედებაც მხოლოდ და მხოლოდ სარწმუნოებრივ ბრძოლად დაუსახავთ”. ის ამტკიცებს, რომ ვახტანგის საფუძველი სარწმუნოება კი არა (რომლითაც შენიღბული იყო ეს აქტი) , არამედ პოლიტიკა იყო, ოღონდ დიდი მეცნიერი იმასაც ამბობს: “12 წლის შემდგომ როგორ შეეძლო ვახტანგს შუშანიკის სიკვდილი წამოეყენებინა ქართლის პიტიახშის დასჯის მიზეზად?”"
2,ასევე შეგიძლიათ წაიკითხოთ,,142,"ვახტანგი მართლაც პოლიტიკოსი იყო, მისი მოქმედება მართლაც პოლიტიკით იყო განსაზღვრული და ამიტომაც მისთვის შეიძლებოდა არც ქონოდა გადამწყვეტი მნიშვნელობა იმას, თუ რამდენმა ხანმა გაიარა შუშანიკის სიკვდილის შემდეგ (სხავათა შორის, დღეს ისტორიულ მეცნიერებაში უკვე დადგენილია, რომ შუშანიკი გარდაიცვალა 476 წელს, ხოლო ვარსქენი ვახტანდმა მოაკვლევინა 482 წელს), ფაქტიურად, გაუვლია ექვს წელს, თუმცა, ვიმეორებთ, ამ ფაქტს, ჩემი აზრით, ვახტანგისათვის არავითარი მნიშვნელობა არ უნდა ჰქონოდა: მას სჭირდებოდა თავისი ქმედების პოლიტიკური და არა იურიდიული გამართლება. ვახტანგისათვის მთავარი იყო, თავისი ბრძოლისთვის მიეცა სამართლიანობისათვის ბრძოლის იერი."
2,ასევე შეგიძლიათ წაიკითხოთ,,143,"“ქართველი ერის ისტორიაში” დიდი მეცდნიერი იზიარებს ვახტანგ მეფის ღალატით მოკვლის ვერსიას 502 წლის შემოდგომაზე. ივანე ჯავახიშვილი წერს: “ბრძოლა, რომელშიაც ვახტანგ გორგასალი მოკლულ იქნა, მართლაც პოლიტიკურ ნიადაგზე ყოფილა აღმოცენებული. და თვით მეფე იმდენად ბრძოლას არ შესწირვია მსხვერპლად, რამდენადაც ღალატს” და დასძენს: “გამოურკვეველი რჩება მხოლოდ, ერთპიროვნული იყო ეს ბოროტმოქმედება, თუ შეთქმულების შედეგს წარმოადგენდა”."
2,ასევე შეგიძლიათ წაიკითხოთ,,144,"რასაკვირველია, ძალიან დიდი სითამამეა ამის განცხადება ჩემგან, მაგრამ ღრმად ვარ დარწმუნებული, რომ რაღაც საიდუმლო კავშირი არსებობს ამ სამ სიკვდილს შორის:"
2,ასევე შეგიძლიათ წაიკითხოთ,,145,"476 წელს - შუშანიკი,"
2,ასევე შეგიძლიათ წაიკითხოთ,,146,"482 წელს - ვარსქენი,"
2,ასევე შეგიძლიათ წაიკითხოთ,,147,"502 წელს - ვახტანგ გორგასალი,"
2,ასევე შეგიძლიათ წაიკითხოთ,,148,"ეს არის ორმხრივი, ფარული (ისტორიისთვისაც კი!) ბრძოლის შედეგი. თანაც არავითარ შემთხვევაში არ შეიძლება მხედველობიდან გამოგვრჩეს ვარსქენის გამაზდეანებული მემკვიდრენი. იმ დროსაც არა მარტო ბრძოლის ველზე იბრძოდნენ, არამედ უფრო ცხარე, მე ვიტყოდი, უფრო სისხლიანი ბრძოლა ისტორიის კულისებში მიმდინარეობდა. ეს იყო ბრძოლის ყველაზე გააფთრებული, ყველაზე დაუნდობელი და ამავე დროს ყველაზე ბრძოლასთან შედარებით ყველაზე მნიშვნელოვანი ბრძოლა - იდეოლოგიური ბრძოლა!"
2,ასევე შეგიძლიათ წაიკითხოთ,,149,"იმ ასპარეზზე, სადაც ერთმანეთს ხვდებოდა, ხვდებოდა კი არა - ეხეთქებოდა ორი რელიგია, ორი მრწამსი და, რაც მთავარია, ორი პოლიტიკური პოზიცია - დამპყრობლისა და დაპყრობილისა, გამარჯვებულისა და შეთქმულისა, ყველაზე ნაღდი და ნაცადი იარაღი ( ეს არაერთი მაგალითით დასტურდება ისტორიაში)მოსასხამის ქვეშ დამალული დანაა, ანდა მოწამლული ისარი, რომლითაც აქილევსივით მოკლეს (გაიხსენეთ იღლიაში გარღვეული აბჯარი!) მძლეთგამძლე გმირი, ვახტანგ მეფე, მართლაც, აქილევსის მსგავსი აღნაგობისა და ძალის პატრონი."
2,ასევე შეგიძლიათ წაიკითხოთ,,150,"“შუშანიკის წამება” თავისთავად დიდად მნიშვნელოვანი იქნებოდა ჩვენთვის, როგორც პირველი, ჩვენამდე მოღწეული ქართული მწერლობის ფაქტი, მაგრამ რამდენად მნიშვნელოვანია ის ამბავიც, რომ ეს არის დიდი რომანი, ფუძე ქართული მწერლობის დიადი შენობისა, დიდი გაკვეთილი ოსტატობისა, ბოლომდე ამოუხსნელი გამოცანა, რომელიც ასე დარჩება სულ, როგორც ყველა ჭეშმარიტი ქმნილება ხელოვნებისა, რათა მრავალი და მრავალი თაობა გააოცოს და მოხიბლოს მომავალშიც"
