term,chapter_index,section,paragraph_index,match
აწ,1,I,2,exact
დამტკიცებულად,1,I,2,exact
აღსასრული,1,I,2,exact
პიტიახში,1,I,2,exact
რამეთუ,1,I,2,exact
პირველ,1,I,2,exact
ქრისტიანე,1,I,2,exact
ვთქუთ,1,I,2,exact
სიყრმითგან თჳსით,1,I,2,exact
რომლისათჳს ესე,1,I,2,normalised
კარად სამეფოდ,1,I,2,exact
მარადის,1,I,3,exact
მისთჳს,1,I,3,exact
იქმნამცა,1,I,3,exact
რაჲთამცა ცვალა,1,I,3,exact
გულს ეტყჳნ,1,I,3,normalised
საწყალობელისა,1,I,4,exact
განაგდო,1,I,4,exact
სასოებაჲ,1,I,4,exact
რომელსა,1,I,4,exact
ჭირი,1,I,4,exact
ეხილვა,1,I,4,exact
პყრობილებაჲ,1,I,4,exact
ვითარმე ვინ თქუას,1,I,4,exact
ყოვლად განწირული,1,I,4,exact
სტიროდის მას,1,I,4,exact
ვითარ-იგი,1,I,4,exact
რამეთუ,1,I,5,exact
რაჟამს,1,I,5,exact
რამეთუ,1,I,5,exact
განაგდო,1,I,5,exact
ესრეთ,1,I,6,exact
ეტყოდა,1,I,6,exact
ვითარმედ,1,I,6,exact
ბუნებითი,1,I,6,exact
ესრევე,1,I,6,exact
მოვაქცინე,1,I,6,exact
უქადებდა,1,I,6,exact
რაჲთამცა სათნო,1,I,6,exact
ვითარცა-ესე,1,I,6,exact
რომელი-იგი,1,I,6,exact
რომელი-იგი,1,I,6,exact
ვითარცა,1,II,7,exact
მოიწია,1,II,7,exact
წინამიეგებნენ,1,II,7,exact
ვითარცა,1,II,7,exact
წარმოჰმართა,1,II,7,exact
ვითარცა,1,II,7,exact
რომელსა,1,II,7,exact
სოფლად შევიდეს,1,II,7,exact
რაჲთა აუწყოს,1,II,7,exact
ზრახვა-ყო,1,II,7,exact
ვითარცა,1,II,8,exact
მოიწია,1,II,8,exact
ჰრქუა,1,II,8,exact
ვითარცა,1,II,8,exact
ჰრქუა,1,II,8,exact
უკუეთუ,1,II,8,exact
უკუეთუ,1,II,8,exact
მოკითხვაჲ,1,II,8,exact
იკადრა,1,II,8,exact
აფუცებდა,1,II,8,exact
დამტკიცებულად,1,II,8,exact
ჰრქუა,1,II,8,exact
ვითარმედ,1,II,8,exact
ვერ იკადრა სიტყუად მისა,1,II,8,exact
შენდავე მოიქეცინ,1,II,8,exact
ცოცხალმცა ხართ,1,II,8,exact
იკადრა სიტყუად,1,II,8,exact
კითხვაჲ ჰრქუა,1,II,8,exact
უვარ-ყო,1,II,8,exact
ვითარცა,1,II,9,exact
დამართ,1,II,9,exact
იტყოდა,1,II,9,exact
რამეთუ,1,II,9,exact
ატროშანი,1,II,9,exact
შეერთო,1,II,9,exact
საწყალობელ იქმნა,1,II,9,exact
უვარ-ყო,1,II,9,exact
ტაძარი,1,II,10,exact
იგინი,1,II,10,exact
ესრეთ,1,II,10,exact
იტყოდა,1,II,10,exact
უფალო,1,II,10,exact
ყოფად ერთ სამწყსო ერთისა მწყემსისა,1,II,10,exact
შენ დაიცვენ ესენი,1,II,10,exact
წარადგინნა იგინი,1,II,10,exact
ეკლესიად შევიდა,1,II,10,exact
ესრეთ ილოცვიდა,1,II,10,exact
ვითარცა,1,II,11,exact
აღასრულეს,1,II,11,exact
მუნ,1,II,11,exact
მიეყრდნა ყურესა ერთსა,1,II,11,exact
სიმწარითა სავსე,1,II,11,exact
მწუხრისა ჟამი,1,II,11,exact
მუნ შინა,1,II,11,exact
რომელსა,1,III,12,exact
მუნ,1,III,12,exact
რაჲსამე,1,III,12,exact
ხუცესი,1,III,12,exact
თანავჰყვანდი,1,III,12,exact
მყის,1,III,12,exact
მოიწია,1,III,12,exact
დიაკონი,1,III,12,exact
შინაჲთ,1,III,12,exact
ვტიროდეთ,1,III,12,exact
აღვივსენით მწუხარებითა,1,III,12,exact
არა მუნ იყო,1,III,12,exact
ვითარცა,1,III,13,exact
ვტიროდე,1,III,13,exact
ვითარცა,1,III,13,exact
მრქუა,1,III,13,exact
ხუცეს,1,III,13,exact
ვარქუ,1,III,13,exact
მრქუა,1,III,13,exact
ჩემდა,1,III,13,exact
საძოვარი პოოს შენ თანა,1,III,13,exact
ჩემდა მარტოჲსა,1,III,13,exact
შესლვად ხარ,1,III,13,exact
ეგრჱთ არს,1,III,13,exact
ვარქუ,1,III,14,exact
ოდენ,1,III,14,exact
ვითარცა,1,III,14,exact
გუხედევდ,1,III,14,exact
ჩუენი არა ხოლო თუ დედოფალი ოდენ იყავ,1,III,14,exact
ვარქუ,1,III,15,exact
ვითარ,1,III,15,exact
მრქუა,1,III,15,exact
მკითხავ,1,III,15,exact
ვარქუ,1,III,15,exact
მრქუა,1,III,15,exact
ჩემდა,1,III,15,exact
ვარქუ,1,III,15,exact
შეგაგდოს,1,III,15,exact
მრქუა,1,III,15,exact
ჩემდა,1,III,15,exact
წარწყმედაჲ,1,III,15,exact
რამეთუ,1,III,15,exact
მასმიეს,1,III,15,exact
განეყენენ,1,III,15,exact
ვთქუ,1,III,15,exact
ჩემი და მისი შეკრებაჲ,1,III,15,exact
ვითარ გეგულების,1,III,15,exact
ნუ იყოფინ ჩემდა,1,III,15,exact
მტკიცედ სდგაა?,1,III,15,exact
ჴელთა მისთაგან,1,III,15,exact
თუმცა ვეზიარე,1,III,15,exact
რაჲთა უწყოდი,1,III,15,exact
იტყოდა,1,IV,16,exact
ესევითარი,1,IV,16,exact
ვითარ,1,IV,16,exact
იტყოდა,1,IV,16,exact
უნდა,1,IV,16,exact
ცნა,1,IV,16,exact
ზრახვაჲ,1,IV,16,exact
მოიზღუდა თავი მისი მტკიცედ,1,IV,16,exact
სახლი მშჳდობისაჲ,1,IV,16,exact
საწყალობელ იქმნა,1,IV,16,exact
ზაკუვით იტყოდა,1,IV,16,exact
პიტიახში,1,IV,17,exact
ჰრქუა,1,IV,17,exact
ვითარ,1,IV,17,exact
მიცნობიეს,1,IV,17,exact
გეტყჳ,1,IV,17,exact
რამეთუ,1,IV,17,exact
რამეთუ დედათა ბუნებაჲ იწრო არს,1,IV,17,exact
ვითარ,1,IV,18,exact
პიტიახში,1,IV,18,exact
გჳწოდა,1,IV,18,exact
აწ,1,IV,18,exact
გძაგ,1,IV,18,exact
წარსწყმიდე,1,IV,18,exact
წარგუწყმიდენ,1,IV,18,exact
მაშინღა,1,IV,18,exact
იწყო,1,IV,18,exact
რაჲსა,1,IV,18,exact
აწ,1,IV,18,exact
ვითარმედ,1,IV,18,exact
ხატი,1,IV,18,exact
დაგიტევებიეს,1,IV,18,exact
ხატი,1,IV,18,exact
ჰრწმენა,1,IV,18,exact
ვითარცა,1,IV,18,exact
შემოქმედი,1,IV,18,exact
შენ ჩემი ხატი დაამჴუ და საგებელსა ჩემსა ნაცარი გარდაასხ,1,IV,18,normalised
აღჰმართნა სამარტჳლენი და ეკლესიანი აღაშჱნნა,1,IV,18,exact
მრავალი ტანჯვაჲ მოაწიო ჩემ ზედა,1,IV,18,exact
წმიდანი შემოიხუნა სახიდ თჳსა,1,IV,18,exact
სიხარულით შეგჳმთხჳნა,1,IV,18,exact
აწ მივედით და არქუთ,1,IV,18,exact
ესევითარისა საქმედ,1,IV,18,exact
სხუად წარსრულ ხარ,1,IV,18,exact
დევნი შემოიხუენ,1,IV,18,exact
შეურაცხ–გყავ,1,IV,18,normalised
იწყო სიტყუად,1,IV,18,exact
ჴელ-იწიფა,1,IV,18,exact
მიუთხართ,1,IV,19,exact
მისთჳს,1,IV,19,exact
იბრდღუენდა მისთჳს,1,IV,19,exact
მან განიწყო გული,1,IV,19,exact
ჰრქუა,1,V,20,exact
ესრეთ,1,V,20,exact
მოვედ,1,V,20,exact
უკუეთუ,1,V,20,exact
თრევით მოგითრიო,1,V,20,exact
აღდეგ და მოვედ,1,V,20,exact
უკუეთუ არა,1,V,20,exact
ვითარ,1,V,21,exact
მიიწინეს,1,V,21,exact
ჰრქუა,1,V,21,exact
კეთილად,1,V,21,exact
გარნა,1,V,21,exact
ვითარმედ,1,V,21,exact
ჩემდა,1,V,21,exact
აწ,1,V,21,exact
ჩემდა,1,V,21,exact
ძმისცოლი,1,V,21,exact
ჰრქუა,1,V,21,exact
აწ,1,V,21,exact
ჰრქუა,1,V,21,exact
უკუეთუ,1,V,21,exact
რამეთუ,1,V,21,exact
მრავალსა დასაჯერებელსა სიტყუასა ეტყოდეს,1,V,21,exact
თუმცა მე მისა ცოლადღა ვიყავ,1,V,21,exact
შევიდეს წინაშე დედოფლისა,1,V,21,exact
გარნა ნუ დაგიჯერებიეს,1,V,21,exact
კეთილად იტყჳთ,1,V,21,exact
მეგონა მე,1,V,21,exact
ვითარცა,1,V,22,exact
ჰრქუა,1,V,22,exact
ვითარ,1,V,22,exact
ჩემდა,1,V,22,exact
რამეთუ,1,V,22,exact
ეტყოდა,1,V,22,exact
ჰრქუა,1,V,22,exact
ვითარმედ,1,V,22,exact
უვარ-ყო,1,V,22,exact
ვითარცა,1,V,23,exact
იტყოდა,1,V,23,exact
უფალო,1,V,23,exact
ვითარმედ,1,V,23,exact
რაჟამს,1,V,24,exact
უფალო,1,V,24,exact
იპოვა,1,V,24,exact
ჰრქუა,1,VI,25,exact
ოდეს,1,VI,25,exact
რაჟამს,1,VI,25,exact
შემწუხრდა,1,VI,25,exact
მოუწოდეს,1,VI,25,exact
ვითარცა,1,VI,25,exact
მოიწია,1,VI,25,exact
რამეთუ,1,VI,25,exact
ვითარცა,1,VI,25,exact
ძლით,1,VI,25,exact
ჰრქუა,1,VI,25,exact
რისხვით,1,VI,25,exact
ოდეს,1,VI,25,exact
დაითხია,1,VI,25,exact
თუმცა მამათა და დედათა ერთად ეჭამა პური,1,VI,25,exact
რაჲთამცა იგი ხოლო შესუა,1,VI,25,exact
შემდგომად ორისა დღისა,1,VI,25,exact
რაჲთამცა მოიყვანეს,1,VI,25,exact
განყარა ჴელი,1,VI,25,exact
ჟამი პურისაჲ,1,VI,25,exact
პური ვჭამოთ,1,VI,25,exact
ყოფილ არს,1,VI,25,exact
ფერჴითა,1,VI,26,exact
ასტამი,1,VI,26,exact
უხეთქნა,1,VI,26,exact
ჩაჰფლა,1,VI,26,exact
დაუბუშტა,1,VI,26,exact
ვითარცა,1,VI,26,exact
ყიოდა,1,VI,26,exact
იზახდა,1,VI,26,exact
გუემა,1,VI,26,exact
მოხეთქა,1,VI,26,exact
ჭირით,1,VI,26,exact
ვითარცა,1,VI,26,exact
გამოუღო,1,VI,26,exact
ვითარცა,1,VI,26,exact
ბორკილთა შესხმაჲ,1,VI,26,exact
უჯეროსა გინებად,1,VI,26,exact
სახელ–სდებდა,1,VI,26,normalised
შუელად აღდგა,1,VI,26,exact
გუემა იგიცა,1,VI,26,exact
ვითარცა,1,VI,27,exact
ვითარ,1,VI,27,exact
განტევებაჲ,1,VI,27,exact
ხილვად,1,VI,27,exact
რაჲთამცა საკრველთა მათგან განეტევა,1,VI,27,exact
კრძალულად დაცვაჲ,1,VI,27,exact
ხილვად მისა,1,VI,27,exact
ვითარცა,1,VII,28,exact
ოდენ,1,VII,28,exact
ვითარმედ,1,VII,28,exact
ვითარ,1,VII,28,exact
ჰრქუა,1,VII,28,exact
თჳთ,1,VII,28,exact
დაუკჳრდა,1,VII,28,exact
ჰრქუა,1,VII,28,exact
ხილვად,1,VII,28,exact
თჳთ,1,VII,28,exact
ნუმცა ვინ შევალს ხილვად მისა,1,VII,28,exact
ვერ განსარინებელ არს,1,VII,28,exact
ნადირობად წარვიდა,1,VII,28,exact
ხილვად მისა,1,VII,28,exact
ვითარ არს,1,VII,28,exact
ვარქუ,1,VII,29,exact
მრქუა,1,VII,29,exact
ნუუკუე,1,VII,29,exact
ვარქუ,1,VII,29,exact
მისთჳს,1,VII,29,exact
უუკუე ცნას,1,VII,29,exact
ვითარ,1,VII,30,exact
ხატი,1,VII,30,exact
დაბძარული,1,VII,30,exact
ვტიროდე,1,VII,30,exact
მრქუა,1,VII,30,exact
რამეთუ,1,VII,30,exact
ჩემდა,1,VII,30,exact
ღამჱ,1,VII,30,exact
ვარქუ,1,VII,30,exact
რომელი,1,VII,30,exact
სალბუნი,1,VII,30,exact
მრქუა,1,VII,30,exact
ხუცეს,1,VII,30,exact
რამეთუ,1,VII,30,exact
აღუტევე ჴმაჲ და ვტიროდე,1,VII,30,exact
"ჰე, ღა-მე",1,VII,30,exact
რომელი,1,VII,31,exact
მოეძღუანა,1,VII,31,exact
რამეთუ,1,VII,31,exact
იღუწიდეს,1,VII,31,exact
მრქუა,1,VII,31,exact
ხუცეს,1,VII,31,exact
რამეთუ,1,VII,31,exact
გემოჲს-ხილვად,1,VII,31,exact
ძალ-მიც,1,VII,31,exact
მრქუა,1,VII,32,exact
ხუცეს,1,VII,32,exact
ნუუკუე,1,VII,32,exact
ითხოვდეს,1,VII,32,exact
რამეთუ,1,VII,32,exact
ვარქუ,1,VII,32,exact
ისწრაფი,1,VII,32,exact
ყრმაჲ,1,VII,32,exact
ვარქუ,1,VII,32,exact
ვითარმედ,1,VII,32,exact
მრქუა,1,VII,32,exact
უწესს,1,VII,32,exact
პიტიახში,1,VII,32,exact
დამიკჳრდა,1,VII,32,exact
მიწესს,1,VII,32,exact
მივისწრაფე,1,VII,32,exact
მრქუა,1,VII,32,exact
ხუცეს,1,VII,32,exact
ოდეს,1,VII,32,exact
მომართუ,1,VII,32,exact
უთხარ,1,VII,32,exact
იპოვა,1,VII,32,exact
ჩუენღა ამას განვიზრახევდით,1,VII,32,exact
იპოვა ყოველი გებულად,1,VII,32,exact
ყოველივე მომიძღუანა,1,VII,32,exact
მადლი მისცა ღმერთსა,1,VII,32,exact
რომელმან განკაფოს,1,VII,32,exact
ნუუკუე ითხოვდეს,1,VII,32,exact
ბრძოლად წარვალ,1,VII,32,exact
იყოს შენ თანა,1,VII,32,exact
"უწყია, ხუცეს",1,VII,32,exact
იპოოს ვინმე,1,VII,32,exact
იპოოს ვინმე,1,VII,32,exact
ამას ჟამსა,1,VII,32,exact
რაჲ გინებს,1,VII,32,exact
ვითარცა,1,VIII,33,exact
იძია,1,VIII,33,exact
მუნ,1,VIII,33,exact
დაყო,1,VIII,33,exact
ჰრქუა,1,VIII,33,exact
ვითარმედ,1,VIII,33,exact
მუნ დაეყუდა,1,VIII,33,exact
ვითარ,1,VIII,34,exact
მოიწია,1,VIII,34,exact
პიტიახში,1,VIII,34,exact
ეტყოდა,1,VIII,34,exact
გამომეც,1,VIII,34,exact
იწყო,1,VIII,34,exact
ჰრქუა,1,VIII,34,exact
უფალო,1,VIII,34,exact
რაჲსა,1,VIII,34,exact
რისხვით,1,VIII,34,exact
უხეთქნა,1,VIII,34,exact
იკადრა,1,VIII,34,exact
ეშმაკი თხრიდა გულსა მისსა,1,VIII,34,exact
მივიდა ეკლესიად,1,VIII,34,exact
რაჲსა ეგრე იქმ,1,VIII,34,exact
იკადრა სიტყუად,1,VIII,34,exact
რისხვით ეტყჳ,1,VIII,34,exact
ვითარცა,1,VIII,35,exact
თჳთ,1,VIII,35,exact
ეკლესიით ვიდრე ტაძრადმდე,1,VIII,35,exact
მოიყვანეს იგი ტაძრად,1,VIII,35,exact
წულილ-წულილად,1,VIII,35,exact
იტყოდა,1,VIII,36,exact
გერგო,1,VIII,36,exact
აჰა ეგერა,1,VIII,36,normalised
ვითარცა,1,VIII,37,exact
ოდენ,1,VIII,37,exact
მაშინღა,1,VIII,37,exact
ჰრქუა,1,VIII,37,exact
უბადოო,1,VIII,37,exact
ვითარცა სცეს,1,VIII,37,exact
ვითარცა,1,VIII,38,exact
დიაკონი,1,IX,39,exact
რომელსა,1,IX,39,exact
ტაძრით,1,IX,39,exact
უნდა,1,IX,39,exact
ჰრქუა,1,IX,39,exact
ოდენ,1,IX,39,exact
ჰრქუა,1,IX,39,exact
დადუმნა,1,IX,39,exact
იწყო,1,IX,39,exact
სხუაჲ ვერღარაჲ სცალდა სიტყუად,1,IX,39,exact
სივლტოლად იწყო სწრაფით,1,IX,39,exact
რაჲთამცა ჰრქუა,1,IX,39,exact
თუალი ჰკიდა,1,IX,39,exact
ესთენ ოდენ,1,IX,39,exact
თმაგარდატევებული,1,IX,40,exact
ვითარცა,1,IX,40,exact
შეურაცხთაგანი,1,IX,40,exact
იკადრა,1,IX,40,exact
რამეთუ,1,IX,40,exact
პიტიახში,1,IX,40,exact
მჴედრ შეუდგა უკუანა,1,IX,40,exact
რამეთუ,1,IX,41,exact
ტიროდეს,1,IX,41,exact
იჴაჴდეს,1,IX,41,exact
საწყალობელად,1,IX,41,exact
შუშანიკისთჳს,1,IX,41,exact
უკმოჰხედნა,1,IX,41,exact
ჰრქუა,1,IX,41,exact
რამეთუ,1,IX,41,exact
მიხილოთ,1,IX,41,exact
ციხით,1,IX,41,exact
ვითარცა,1,IX,41,exact
ვითარცა,1,IX,41,exact
მიიწინეს,1,IX,41,exact
ჰრქუა,1,IX,41,exact
ფერჴითა,1,IX,41,exact
რამეთუ,1,IX,41,exact
გარნა,1,IX,41,exact
შენდა ეგდენ ყოფად არს ფერჴითა შენითა სლვაჲ,1,IX,41,exact
ჯმნულმცა ვარ მე თქუენგან ამიერითგან,1,IX,41,exact
მჴედრ მიმოდასდევნინ,1,IX,41,exact
დასთხევდეს ცრემლთა,1,IX,41,exact
გამოსლვად ხარ,1,IX,41,exact
მეოტ-ჰყოფნ,1,IX,41,exact
ვითარცა,1,IX,42,exact
მუნ,1,IX,42,exact
ვიტანჯო,1,IX,42,exact
მუნ,1,IX,42,exact
ჰრქუა,1,IX,42,exact
"ჰე, ჰე",1,IX,42,exact
ესრეთ,1,IX,43,exact
ეტყოდა,1,IX,43,exact
გეტყჳ,1,IX,43,exact
უკუეთუ,1,IX,43,exact
ციხით,1,IX,43,exact
იხილენით თავნი თქუენნი,1,IX,43,exact
უბრალომცა ვარ,1,IX,43,exact
რაჲ გიყო,1,IX,43,exact
მოუწოდა,1,X,44,exact
ჰრქუა,1,X,44,exact
ჰრქუა,1,X,44,exact
უფალო,1,X,44,exact
რამეთუ,1,X,44,exact
რამეთუ,1,X,44,exact
ჰრქუა,1,X,44,exact
უტე,1,X,44,exact
აქამომდე ცოცხალღა არსა,1,X,44,exact
ნურა რაჲ გგლიან,1,X,44,exact
სიკუდილდ კერძო,1,X,44,exact
საგონებელ არს,1,X,44,exact
ვარქუ,1,X,45,exact
ჭურჭერი,1,X,45,exact
მრქუა,1,X,45,exact
რაჟამს,1,X,45,exact
დაღამდეს,1,X,45,exact
მოვედ,1,X,45,exact
ვითარ,1,X,45,exact
ტარიგი,1,X,45,exact
ვითარცა,1,X,45,exact
სძალი,1,X,45,exact
ვითარ,1,X,45,exact
ვტიროდე,1,X,45,exact
მრქუა,1,X,45,exact
ხუცეს,1,X,45,exact
მრქუა,1,X,45,exact
ჩემდა,1,X,45,exact
ძნიად თავს იდვა შეტევებაჲ ჩემი,1,X,45,normalised
წარვედ სწრაფით ვანად ჩემდა,1,X,45,exact
ვერ დამითმო გულმან,1,X,45,exact
ესეღა თუმცა მეცნა,1,X,45,exact
არამცა შემოგიტევე,1,X,45,exact
კეთილისა ამისთჳს,1,X,45,exact
"სტირა, ხუცეს?",1,X,45,exact
ვიწყე სიტყუად,1,X,45,exact
ვტიროდე ფრიად,1,X,45,exact
ვიჯმენ მისგან,1,X,45,exact
პიტიახში,1,X,46,exact
ოდეს,1,X,46,exact
ვითარ,1,X,46,exact
მოიწია,1,X,46,exact
მიეწია,1,X,46,exact
განტევებაჲ,1,X,46,exact
ვითარ,1,X,46,exact
განტევებაჲ,1,X,46,exact
ოდენ,1,X,46,exact
ვითარ,1,X,46,exact
აღჰჴადა,1,X,46,exact
რამეთუ,1,X,46,exact
მარადის,1,X,46,exact
უწყინოდ,1,X,46,exact
საკრველთა მათგან განტევებაჲ,1,X,46,exact
სულიერითა მით ქნარითა,1,X,46,exact
ვიდრე აღსასრულამდე,1,X,46,exact
რაჲთამცა ბრძანა,1,X,46,exact
ჩორდ წარემართა,1,X,46,exact
ფრიად აწყინა,1,X,46,exact
არა დახუდა,1,X,46,exact
არა თავს,1,X,46,exact
მიერითგან,1,XI,47,exact
მოვიდოდეს,1,XI,47,exact
რომელსა,1,XI,47,exact
რაჲ ვის უჴმდა,1,XI,47,exact
რომელსა,1,XI,48,exact
ქრისტიანე,1,XI,48,exact
ეტყოდა,1,XI,48,exact
ვითარმედ,1,XI,48,exact
განსწმიდნე,1,XI,48,exact
ვითარ,1,XI,48,exact
მოიწია,1,XI,48,exact
განმრთელებული,1,XI,48,exact
მოვიდა იგი წმიდისა შუშანიკისა,1,XI,48,exact
მოვიდა იგი წმიდისა შუშანიკისა,1,XI,48,exact
რაჲთამცა დაუტევა მოგობაჲ,1,XI,48,exact
გულსმოდგინედ შეიწყნარა,1,XI,48,exact
წარემართა გზასა მას,1,XI,48,exact
წარვიდა სახიდ თჳსა,1,XI,48,exact
მადლისა გარდაჴდად,1,XI,48,exact
ვითარ გარემოიქცა,1,XI,48,exact
მივედ იერუსალჱმდ,1,XI,48,exact
თავს–იდვა ადრე,1,XI,48,normalised
მოიწია მუნვე,1,XI,48,exact
ადრე–ადრე,1,XI,48,normalised
დავითნი,1,XII,49,exact
ღამჱ,1,XII,49,exact
ჴელთა აღიხუნა,1,XII,49,exact
ვითარმედ,1,XII,50,exact
იწყო,1,XII,50,exact
დამართ,1,XII,50,exact
უფალო,1,XII,50,exact
რამეთუ,1,XII,50,exact
ვითარცა,1,XII,50,exact
უფალო,1,XII,50,exact
თავსა თჳსსა ქუე დამართ სცემდა,1,XII,50,exact
იყავნ ნებაჲ შენი,1,XII,50,exact
სულთ-ითქუნა,1,XII,50,exact
დამშრშალი,1,XII,51,exact
დაბუშებული,1,XII,51,exact
მოეძღუანა,1,XII,51,exact
საზრდელი,1,XII,51,exact
ვითარ,1,XII,51,exact
ოდენ,1,XII,51,exact
მუნ,1,XII,51,exact
მოვიდიან,1,XII,51,exact
ხილვად,1,XII,51,exact
რაჟამს,1,XII,51,exact
ხილვად,1,XII,51,exact
ხილვად დედისა თჳსისა,1,XII,51,exact
ვერღარა იკადრეს,1,XII,51,exact
ხილვად მისა,1,XII,51,exact
ჰრქუა,1,XIII,52,exact
მოვედ,1,XIII,52,exact
უკუეთუ,1,XIII,52,exact
ესრეთ,1,XIII,52,exact
მუნ,1,XIII,52,exact
ეტყოდა,1,XIII,52,exact
პიტიახში,1,XIII,52,exact
ჰრქუა,1,XIII,52,exact
ვითარმედ,1,XIII,52,exact
ვითარმედ,1,XIII,52,exact
ნუუკუე,1,XIII,52,exact
მიერითგან,1,XIII,52,exact
იტყოდა,1,XIII,52,exact
თუ მუნ კეთილსა რასმე შევემთხჳო,1,XIII,52,exact
მთავართაგანსა ვისმე ეცოლოს,1,XIII,52,exact
ჩორდ წარგცე შენ ანუ კარად,1,XIII,52,normalised
არღარავინ მიავლინა მისა,1,XIII,52,exact
ბოროტსა ამას განვერე,1,XIII,52,exact
რაჲთამცა სათნო,1,XIII,52,exact
გულსა ეტყოდა,1,XIII,52,exact
მოვედ ტაძრად,1,XIII,52,exact
უკუეთუ არა,1,XIII,52,exact
ვითარ-იგი,1,XIII,52,exact
საკუთარი,1,XIII,53,exact
ვითარცა,1,XIII,53,exact
ჰრქუა,1,XIII,53,exact
ჰრქუა,1,XIII,53,exact
ვითარმედ,1,XIII,53,exact
მარქუ,1,XIII,53,exact
ფერჴითა,1,XIII,53,exact
ციხით,1,XIII,53,exact
აწ,1,XIII,53,exact
უკუეთუ,1,XIII,53,exact
დედაჲ,1,XIII,53,exact
აღადგინე,1,XIII,53,exact
რომელი,1,XIII,53,exact
გარნა,1,XIII,53,exact
ჩემდა,1,XIII,53,exact
გარნა,1,XIII,53,exact
გარნა თუ მისა ვერ შემძლებელ ხარ აღდგინებად,1,XIII,53,exact
ვერცა ჩემდა შემძლებელ ხარ განყვანებად,1,XIII,53,exact
რომელი ურდს დამარხულ არს,1,XIII,53,exact
ჩამოვედ ტაძრად,1,XIII,53,exact
შემძლებელ ხარ,1,XIII,53,exact
შემძლებელ ხარ,1,XIII,53,exact
შემძლებელ ხარ,1,XIII,53,exact
მოვედ ტაძრად,1,XIII,53,exact
ვითარცა,1,XIII,54,exact
ვთქუ,1,XIII,54,exact
ნანდჳლვე ვთქუ,1,XIII,54,exact
ჰრქუა,1,XIII,55,exact
კეთილად,1,XIII,55,exact
რამეთუ,1,XIII,55,exact
ეგულვებოდა,1,XIII,55,exact
შეტყუვილი,1,XIII,55,exact
ზრახვაჲ,1,XIII,55,exact
ჰრქუა,1,XIII,55,exact
გგონიეს,1,XIII,55,exact
რამეთუ,1,XIII,55,exact
თჳთ,1,XIII,55,exact
განუმზადნის სიტყუანი პირსა კაცისასა,1,XIII,55,exact
მე მიუგო სიტყუაჲ თქუენ წილ,1,XIII,55,exact
რამეთუ იტყჳს თჳთ უფალი,1,XIII,55,exact
გულსა მოეჴადა,1,XIII,55,exact
მაგით სახით,1,XIII,55,exact
ვითარცა,1,XIV,56,exact
მოიწია,1,XIV,56,exact
ვეტყოდე,1,XIV,56,exact
ვითარმედ,1,XIV,56,exact
რამეთუ,1,XIV,56,exact
რამეთუ,1,XIV,56,exact
მარადის,1,XIV,56,exact
ვითარცა,1,XIV,56,exact
არცაღა მცირედ სადა სცა ჴორცთა მისთა განსუენებაჲ,1,XIV,56,exact
ჯეკმა დამაშურალობითა შრომათა მათ შინა,1,XIV,56,exact
შეიქმნა და დადნა ვითარცა ავლი,1,XIV,56,normalised
დაუმძიმებ ჴორცთა მაგათ ზედა,1,XIV,56,exact
სენი სნეულებისაჲ,1,XIV,56,exact
ვერ დაგითმონ,1,XIV,56,exact
ღამე ყოველ,1,XIV,56,exact
დღისი,1,XIV,57,exact
დაჯდის,1,XIV,57,exact
მიიღის,1,XIV,57,exact
გარნა,1,XIV,57,exact
ოდენ,1,XIV,57,exact
შექმნული,1,XIV,57,exact
მიიღის,1,XIV,57,exact
ვინაჲთგან,1,XIV,58,exact
გარნა,1,XIV,58,exact
ალიზაკი,1,XIV,58,exact
გირჯაკი,1,XIV,58,exact
სასთაულაკი,1,XIV,58,exact
უცნ,1,XIV,58,exact
კილიკი,1,XIV,58,exact
წარუგდებიედ,1,XIV,58,exact
გრწყილი,1,XIV,58,exact
მოუგონებელი,1,XIV,58,exact
სასთაულსა ზედა თავი არა მიდვის,1,XIV,58,exact
დაიდვის სასთუნალ,1,XIV,58,exact
კაცთა თუალსა,1,XIV,58,exact
პყრობილ,1,XIV,59,exact
ვითარცა,1,XV,60,exact
მოიწია,1,XV,60,exact
დაუცხრომელად,1,XV,60,exact
თხრამლი,1,XV,60,exact
ხუცეს,1,XV,60,exact
რამეთუ,1,XV,60,exact
ვითარცა,1,XV,60,exact
ვტიროდე,1,XV,60,exact
მრქუა,1,XV,60,exact
რისხვით,1,XV,60,exact
ხუცეს,1,XV,60,exact
ვარქუ,1,XV,60,exact
აწ,1,XV,60,exact
მრქუა,1,XV,60,exact
ქენებით,1,XV,60,exact
რამეთუ,1,XV,60,exact
რამეთუ,1,XV,60,exact
შინაგან,1,XV,60,exact
ადრე ყოფად არს დატევებაჲ უბადრუკთა ამათ ჴორცთა ჩემთაჲ,1,XV,60,exact
მცირედღა შეგერაცხაა საგუემელად?,1,XV,60,exact
ანტიოქიისა პალეკარტი,1,XV,60,exact
გარეგან კაცთა თუალსა,1,XV,60,exact
მოუგონებელად დიდად,1,XV,60,exact
არა მოკუდების,1,XV,60,exact
ნუ მძიმე-გიჩნ,1,XV,60,exact
უმჯობჱს იყავნ,1,XV,60,exact
ვტიროდე ფრიად,1,XV,60,exact
კაცთა თუალსა,1,XV,60,exact
ვითარცა,1,XVI,61,exact
ვითარმედ,1,XVI,61,exact
ხილვად,1,XVI,61,exact
ვითარცა,1,XVI,61,exact
მძლავრ,1,XVI,61,exact
ჰრქუა,1,XVI,61,exact
ვითარ,1,XVI,61,exact
ვითარ ღმერთსა უნებს,1,XVI,61,exact
ვითარცა მიიწია,1,XVI,61,exact
მივიდა ციხედ,1,XVI,61,exact
კეთილ ვარ,1,XVI,61,exact
ეტყოდა,1,XVI,62,exact
ჰრქუა,1,XVI,62,exact
ყრმებრ,1,XVI,62,exact
ჰქმნე,1,XVI,62,exact
ჰრქუა,1,XVI,62,exact
მოვედ,1,XVI,62,exact
სათნო,1,XVI,62,exact
ჰრქუა,1,XVI,62,exact
უკუეთუ,1,XVI,62,exact
უკუდავ მექმნე მე მაგით სიტყჳთა,1,XVI,62,exact
ღმერთმან მოგიტევნეს,1,XVI,62,exact
მაგის სახისათჳს,1,XVI,62,exact
რომელი-იგი,1,XVI,62,exact
არა ვქმნე,1,XVI,62,exact
ვითარ,1,XVI,63,exact
შეატყუა,1,XVI,63,exact
ვითარმედ,1,XVI,63,exact
ჰრქუა,1,XVI,63,exact
მაკურთხე,1,XVI,63,exact
მჴევალი,1,XVI,63,exact
ვითარცა,1,XVI,63,exact
მოგჳტევენ,1,XVI,63,exact
მოიჴსენებ,1,XVI,63,exact
ჰრქუა,1,XVI,63,exact
რამეთუ,1,XVI,63,exact
იპოვა,1,XVI,63,exact
გარნა,1,XVI,63,exact
ჰრქუა,1,XVI,63,exact
განვისაჯნეთ,1,XVI,63,exact
პიტიახში,1,XVI,63,exact
მუნ,1,XVI,63,exact
სწორი,1,XVI,63,exact
ვთქუათ,1,XVI,63,exact
ვითარ,1,XVI,63,exact
აწ,1,XVI,63,exact
რამეთუ,1,XVI,63,exact
შუენიერებაჲ სიკეთისა ჩემისაჲ დააბნელა და დიდებაჲ ჩემი დაამდაბლა,1,XVI,63,exact
მსაჯულთაჲსა და მეუფისა მის მეუფეთაჲსა,1,XVI,63,exact
ღმერთმან საჯოს მის შორის და ჩემ შორის,1,XVI,63,exact
რომელსამცა აქუნდა წყალობაჲ,1,XVI,63,exact
გარნა არა იყო სმენაჲ,1,XVI,63,exact
მიაგოს მას უფალმან,1,XVI,63,exact
ჰყავთ წარმდებად,1,XVI,63,exact
ფრიად დავშუერით,1,XVI,63,exact
ლხინებაჲ ვპოვო,1,XVI,63,exact
თჳნიერ შენსა,1,XVI,63,exact
სადა-იგი,1,XVI,63,exact
იგინი,1,XVI,64,exact
ტიროდეს,1,XVI,64,exact
მოგჳტევენ,1,XVI,64,exact
ჰრქუა,1,XVI,64,exact
მაშინღა,1,XVI,64,exact
ეტყოდა,1,XVI,64,exact
ვითარმედ,1,XVI,64,exact
ვითარცა,1,XVI,64,exact
უჯმნა,1,XVI,64,exact
იგინი,1,XVI,64,exact
"რომელმან წარიწყმიდოს თავი თჳსი, მან პოოს იგი, რომელმან ადიდა იგი",1,XVI,64,exact
ესე ყოველი ცხორებაჲ ვითარცა ყუავილი ველთაჲ წარმავალ არს,1,XVI,64,normalised
ამცნებდა სლვად გზათა ღმრთისათა,1,XVI,64,exact
ვინ განაბნია გლახაკთათჳს,1,XVI,64,exact
ეზოჲ და პალატი,1,XVI,64,exact
ვინ სთესა,1,XVI,64,exact
რომელ-რაჲ,1,XVI,64,exact
მოიწია,1,XVII,65,exact
მოყუასი,1,XVII,65,exact
ვითარცა,1,XVII,65,exact
"დამაშურალ, სახლეულითურთ თანაყოფით იყვნეს",1,XVII,65,exact
მიჰვედრიდეს ქრისტესა,1,XVII,65,exact
სოფლისა ქართლისანი,1,XVII,65,exact
ითხოვდეს,1,XVII,66,exact
ერთბამად,1,XVII,66,exact
საცოდ,1,XVII,66,exact
ჰრქუა,1,XVII,66,exact
ვითარმედ,1,XVII,66,exact
მოშუერით,1,XVII,66,exact
მომმადლოს,1,XVII,66,exact
იგინი,1,XVII,66,exact
მისთჳს,1,XVII,66,exact
შესწირვიდეს,1,XVII,66,exact
ციხით,1,XVII,66,exact
წარვიდეს,1,XVII,66,exact
გზასა წარვალ საუკუნესა,1,XVII,66,exact
მივემთხჳო მე დიდებასა,1,XVII,66,exact
ჭირისა ამის წილ,1,XVII,66,exact
მაგის სახისათჳს,1,XVII,66,exact
გამოვიდეს ციხით,1,XVII,66,exact
ძლევისა მისთჳს,1,XVII,66,exact
აჰა ესერა,1,XVII,66,normalised
მე რაჲმე,1,XVII,66,exact
მოიწია,1,XVIII,67,exact
მოუწოდა,1,XVIII,67,exact
ვითარცა,1,XVIII,67,exact
შემვედრა,1,XVIII,67,exact
ეტყოდა,1,XVIII,67,exact
უკუეთუ,1,XVIII,67,exact
უბრძანებდა დასხმად ადგილსა მას,1,XVIII,67,exact
მადლსა მისცემდა,1,XVIII,67,exact
ვინაჲცა-იგი,1,XVIII,67,exact
რამეთუ,1,XVIII,68,exact
მაშინღა,1,XIX,69,exact
მოიღო,1,XIX,69,exact
შესაგრაგნელად,1,XIX,69,exact
ადრე–ადრე,1,XIX,69,normalised
მაშინღა,1,XIX,70,exact
ვითარცა,1,XIX,70,exact
გამოვიხუენით,1,XIX,70,exact
რომელი,1,XIX,70,exact
თჳსი იგი ძლიერებისა ძლევაჲ მიჰმადლის,1,XIX,70,exact
განაქველნის მამანიცა და დედანიცა,1,XIX,70,exact
დავითის ქნარითა,1,XIX,70,exact
დასაბამი,1,XX,71,exact
აღსრულებაჲ,1,XX,71,exact
კოზმან და დამიანე,1,XX,71,exact
რომელსა,1,XX,72,exact
განვაწესეთ,1,XX,72,exact
რომელსა,1,XX,72,exact
