chapter,text
1," და აწ დამტკიცებულად გითხრა თქუენ აღსასრული წმიდისა და სანატრელისა შუშანიკისი.

იყო მერვესა წელსა სპარსთა მეფისასა კარად სამეფოდ წარემართა ვარსქენ პიტიახში ძჱ არშუშაჲსი. რამეთუ პირველ იგიცა იყო ქრისტიანე, ნაშობი მამისა და დედისა ქრისტიანეთაჲ.

და ცოლად მისა იყო ასული ვარდანისი სომეხთა სპაჲპეტისაჲ, რომლისათჳს ესე მივწერე თქუენდა, მამისაგან სახელით ვარდან და სიყუარულით სახელი მისი შუშანიკ, მოშიში ღმრთისაჲ, ვითარცა იგი ვთქუთ, სიყრმითგან თჳსით. და უკეთურებისა მის სახისა ქმრისა მისისაჲსა მარადის გულს ეტყჳნ და ევედრებინ ყოველთავე ლოცვის ყოფად მისთჳს, რაჲთამცა ცვალა იგი ღმერთმან სახისა მისგან უგუნურებისა და იქმნამცა გონიერებასა ქრისტჱსსა.

ხოლო ამის უბადრუკისა და სამგზის საწყალობელისა ვარსქენისი ვითარმე ვინ თქუას ყოვლად განწირულისაჲ, ვითარ-იგი განაგდო სანატრელი სასოებაჲ ; ქრისტჱსი! ანუ ვინ არა სტიროდის მას, რომელსა არცა ჭირი ეხილვა, არცა შიში, არცა მახჳლი, არცა პყრობილებაჲ ქრისტჱსთჳს.

რამეთუ რაჟამს წარდგა იგი წინაშე სპარსთა მეფისა, არა თუ პატივისა მოღებისათჳს, არამედ ძღუნად თავსა თჳსსა შესწირვიდა მეფისა მის მიმართ უვარის-ყოფითა ჭეშმარიტისა ღმრთისაჲთა და თაყუანის-სცემდა ცეცხლსა, რამეთუ ყოვლით კერძოვე თავი თჳსი ქრისტჱსგან განაგდო.

ხოლო საწყალობელი ესე ცოლსა ითხოვდა სპარსთა მეფისგან, რაჲთამცა სათნო ეყო მეფესა, და ესრეთ ეტყოდა, ვითარმედ „რომელი-იგი ბუნებითი ცოლი არს და შვილნი, იგინიცა ესრევე მოვაქცინე შენსა შჯულსა, ვითარცა–ესე მე“. ამას უქადებდა, რომელ-იგი არა აქუნდა ჴელთა შუშანიკისგან. მაშინ განიხარა მეფემან და ბრძანა ცოლად მისა ასული მეფისაჲ."
2,"და იჯმნა მეფისაგან სპარსთაჲსა პიტიახშმან. და, ვითარცა მოიწია იგი საზღვართა ქართლისათა, ქუეყანასა მას ჰერეთისასა, ზრახვა-ყო, რაჲთა აუწყოს და წინამიეგებნენ მას აზნაურნი და მისნი ძენი და მსახურნი მისნი, რაჲთა მათ გამო ვითარცა ერთგული სოფლად შევიდეს. და წარმოჰმართა სადიასპანოჲთა ცხენითა მონაჲ თჳსი, ვითარ[მ]ცა მოვიდა დაბასა, რომელსა სახელი ჰრქჳან ცურტავ.

და ვითარცა მოიწია და შევიდა წინაშე შუშანიკისა დედოფლისა ჩუენისა, კითხვაჲ ჰრქუა. ხოლო სანატრელმან შუშანიკ ვითარცა წინ[აჲსწ]არმეტყველმან ჰრქუა: „უკუეთუ სულითა ცხოველ არს იგი, ცოცხალმცა ხართ იგიცა და შენცა. უკუეთუ სულითა მომკუდარ ხართ, მოკითხვაჲ ეგე შენი შენდავე მოიქეცინ“. ხოლო კაცმან მან ვერ იკადრა სიტყუად მისა. ხოლო წმიდაჲ შუშანიკ აფუცებდა და ჰკითხვიდა დამტკიცებულად. ხოლო კაცმან უთხრა მართალი და ჰრქუა, ვითარმედ: „ვარსქენ უვარ-ყო ჭეშმარიტი ღმერთი“.

ვითარცა ესმა ნეტარსა შუშანიკს, დავარდა იგი ქუეყანასა ზედა და თავსა დამართ სცემდა და ცრემლითა მწარითა იტყოდა: „საწყალობელ იქმნა უბადრუკი ვარსქენ, რამეთუ უვარ-ყო ჭეშმარიტი ღმერთი და აღიარა ატროშანი და შეერთო იგი უღმრთოთა“.

და აღდგა და დაუტევა ტაძარი თჳსი და ღმრთის მოშიშებით ეკლესიად შევიდა და თანამიიყვანნა სამნი იგი ძენი მისნი და ერთი ასული და წარადგინნა იგინი წინაშე საკურთხეველსა და ესრეთ ილოცვიდა და იტყოდა: „უფალო ღმერთო, შენნი მოცემულნი არიან და შენ დაიცვენ ესენი, განათლებულნი წმიდისაგან ემბაზისა მადლითა სულისა წმიდისაჲთა, ყოფად ერთ სამწყსო ერთისა მწყემსისა უფლისა ჩუენისა იესუ ქრისტჱსა“.

და ვითარცა მწუხრისა ჟამი აღასრულეს, სახლაკი ერთი მცირჱ პოვა მახლობელად ეკლესიასა და შევიდა მუნ შინა სიმწარითა სავსე და მიეყრდნა ყურესა ერთსა და მწარითა ცრემლითა ტიროდა."
3,"ხოლო ეპისკოპოსი იგი სახლისაჲ, მის პიტიახშისაჲ, რომელსა სახელი ერქუა აფოც, არა მუნ იყო, არამედ კაცისა ვისამე წმიდისა ვანად მისრულ იყო კითხვად რაჲსმე სიტყჳსა. და მეცა, ხუცესი დედოფლისა შუშანიკისი, თანავჰყვანდი ეპისკოპოსსა მას. და მყის მოიწია ჩუენდა დიაკონი შინაჲთ და გჳთხრა ჩუენ ესე ყოველი: მოსლვაჲ პიტიახშისაჲ და საქმენი დედოფლისანი. ხოლო ჩუენ აღვივსენით მწუხარებითა და დიდითა ტირილითა ვტიროდეთ განმწარებულნი ცოდვათა ჩუენთა წარმოჩინებისათჳს.

ხოლო მე ვიჯმენ ადრე და მივიწიე დაბასა მას, რომელსაცა იყო ნეტარი შუშანიკ. და, ვითარცა ვიხილე იგი განმწარებული, მეცა ვტიროდე მის თანავე. და ვარქუ ნეტარსა შუშანიკს: „ღუაწლსა დიდსა შესლვად ხარ, დედოფალო, ეკრძალე სარწმუნოებასა ქრისტჱსსა, ნუუკუე მტერმან ვითარცა სრსჳლმან საძოვარი პოოს შენ თანა“. ხოლო წმიდამან შუშანიკ მრქუა მე: „ხუცეს, და მეცა დიდსა ღუაწლსა განმზადებულ ვარ“. და მე ვარქუა მას: „ეგრჱთ არს, მჴნე იყავ, მოთმინე და სულგრძელ“. ხოლო მან მრქუა მე: „ჩემდა მარტოჲსა არიან ჭირნი ესე“. ხოლო მე ვარქუ მას: „ჭირი შენი. ჭირი ჩუენი არს და სიხარული შენი, სიხარული ჩუენი არს. ჩუენი არა ხოლო თუ დედოფალი ოდენ იყავ, არამედ ჩუენ ყოველთა ვითარცა შვილთა გუხედევდ“.

და ვარქუ მე სანატრელსა მას ხუაშიადადრე: „ვითარ გეგულების, მითხარ მე, რაჲთა უწყოდი და აღვწერო შრომაჲ შენი“. ხოლო მან მრქუა მე: „რაჲსა მკითხავ ამას?“. და მე მიუგე და ვარქუ მას: „მტკიცედ სდგაა?“. და მან მრქუა მე: „ნუ იყოფინ ჩემდა, თუმცა ვეზიარე საქმეთა და ცოდვათა ვარსქენისთა“. მე მიუგე და ვარქუ მას: „მწარე გონებაჲ აქუს მას, გუემასა და ტანჯვასა დიდსა შეგაგდოს შენ“. ხოლო მან მრქუა მე: „უმჯობჱს არს ჩემდა ჴელთა მისთაგან სიკუდილი, ვიდრე ჩემი და მისი შეკრებაჲ და წარწყმედაჲ სულისა ჩემისაჲ; რამეთუ მასმიეს მე პავლჱს მოციქულისაგან: „არა დამონებულ არს ძმაჲ, გინა დაჲ, არამედ განეყენენ“. და მე ვთქუ: „ეგრეთ არს“."
4,"და ვიდრე ჩუენ ამას სიტყუასა შინ ვიყვენით, კაცი ერთი სპარსი მოვიდა და შევიდა იგი წინაშე ნეტარისა შუშანიკისა და ტირილით იტყოდა: „ესევითარი სახლი მშჳდობისაჲ ვითარ საწყალობელ იქმნა და სიხარული მწუხარებად გარდაიქცა!“. ხოლო ზრახვითა იყო იგი ვარსქენისათა და ზაკუვით იტყოდა ამას და უნდა მონადირებაჲ ნეტარისაჲ მის. ხოლო წმიდამან მან ცნა ზაკუვითი იგი ზრახვაჲ მისი და მოიზღუდა თავი მისი მტკიცედ.

და შემდგომად სამისა დღისა მოვიდა ვარსქენ პიტიახში. და უთხრა სპარსმან მან ფარულად და ჰრქუა: „მე ვითარ მიცნობიეს ცოლი შენი განდგომილ არს შენგან. და მე გეტყჳ შენ: ნუ რას ფიცხელსა სიტყუასა ეტყჳ მას, რამეთუ დედათა ბუნებაჲ იწრო არს“.

და ხვალისა დღჱ ვითარ აღდგა პიტიახში, გჳწოდა ჩუენ ხუცესთა და მივედით. და სიხარულით შეგჳმთხჳნა და გურქუა ჩუენ: „აწ ნუ რას მერიდებით მე და ნუცაღა გძაგ“. და ჩუენ მიუგეთ და ვარქუთ: „წარსწყმიდე თავი შენი და ჩუენცა წარგუწყმიდენ“. მაშინღა იწყო სიტყუად და თქუა: „რაჲსა ჴელ-იწიფა ჩემ ზედა ცოლმან ჩემმან ესევითარისა საქმედ? აწ მივედით და არქუთ, ვითარმედ „შენ ჩემი ხატი დაამჴუ და საგებელსა ჩემსა ნაცარი გარდაასხ, და შენი ადგილი დაგიტევებიეს, და სხუად წარსრულ ხარ“.

ხოლო წმიდამან შუშანიკ თქუა: „არა თუ მე აღმემართა ხატი იგი? და მემცა დავამჴუ! ხოლო მამამან შენმან აღჰმართნა სამარტჳლენი და ეკლესიანი აღაშჱნნა, და შენ მამისა შენისა საქმენი განჰრყუნენ და სხუად გარდააქციენ კეთილნი მისნი; მამამან შენმან წმიდანი შემოიხუნა სახიდ თჳსა, ხოლო შენ დევნი შემოიხუენ; მან ღმერთი ცათაჲ და ქუეყანისაჲ აღიარა და ჰრწმენა, ხოლო შენ ღმერთი ჭეშმარიტი უარ-ჰყავ და ცეცხლსა თაყუანის-ეც. და ვითარცა შენ შემოქმედი შენი უვარ-ჰყავ, ეგრეცა მე შენ შეურაცხ–გყავ. და თუ მრავალი ტანჯვაჲ მოაწიო ჩემ ზედა, მე არა ვეზიარო საქმეთა შენთა“. ხოლო ჩუენ ესე ყოველი მიუთხართ პიტიახშსა. ხოლო მან განიწყო გული და იბრდღუენდა მისთჳს."
5,"მერმე მიავლინა ჯოჯიკ, ძმაჲ თჳსი, და ცოლი ჯოჯიკისი, ძმისცოლი თჳსი, და ეპისკოპოსი სახლისა თჳსისაჲ და ჰრქუა მათ: „ესრეთ არქუთ: აღდეგ და მოვედ ადგილსა თჳსსა და ნუ ეგევითარი გონებაჲ გიპყრიეს! უკუეთუ არა, თრევით მოგითრიო“.

და ვითარ მიიწინეს და შევიდეს წინაშე დედოფლისა და მრავალსა დასაჯერებელსა სიტყუასა ეტყოდეს მას, მაშინ წმიდამან შუშანიკ ჰრქუა მათ: „კაცნო ბრძენნო, თქუენ კეთილად იტყჳთ, გარნა ნუ დაგიჯერებიეს, თუმცა მე მისა ცოლადღა ვიყავ. მეგონა მე, ვითარმედ იგი ჩემდა მოვაქციო და ღმერთი ჭეშმარიტი აღიაროს, და აწ მე მაიძულებთ ამას ყოფად? ნუ იყოფინ ესე ჩემდა! და შენ, ჯოჯიკ, არღარა ჩემი მაზლი ხარ, და არცაღა მე შენი ძმის ცოლი, არცა ცოლი შენი დაჲ ჩემი არს, რომელნი მის კერძო და მისთა საქმეთა ზიარ ხართ“. ჰრქუა მას ჯოჯიკ: „უწყი მე, აწ მოავლინნეს მსახურნი და თრევით წარგიყვანოს შენ“. ხოლო წმიდამან შუშანიკ ჰრქუა: „უკუეთუ შემკრას და მითრიოს, მიხარის, რამეთუ მით სახითა იყოს განჩინებაჲ ჩემი მისგან“.

და ვითარცა ესმა ესე მისგან, ცრემლოოდეს ყოველნი. და ჯოჯიკ აღდგა და ცრემლით გარე განვიდა. ხოლო წმიდამან შუშანიკ ჰრქუა ეპისკოპოსსა: „ვითარ მეტყჳ მე დაჯერებად ჩემდა, რამეთუ მან ღმერთი უვარ-ყო?!“. ხოლო ჯოჯიკ ევედრებოდა და ეტყოდა: „დაჲ ჩუენი ხარ შენ, ნუ წარსწყმედ სახლსა ამას სადედოფლოსა“. ჰრქუა მას წმიდამან შუშანიკ: „უწყი, ვითარმედ დაჲ ვარ და ერთგან განზრდილნი, ხოლო მაგას ვერ ვჰყოფ, ვითარმცა მოსისხლეობაჲ იქმნა, და თქუენ ყოველნი თანამდებ იქმნენით“.

და ვითარცა ფრიად აურვებდეს მას, აღდგა წმიდაჲ და ნეტარი შუშანიკ და თანაწარიტანა ევანგელჱ თჳსი და ტირილით ესრჱთ იტყოდა: „უფალო ღმერთო, შენ უწყი, ვითარმედ მე გულითად სიკუდილდ მივალ“.

ესე თქუა და წარვიდა მათ თანა და თანა წარიტანნა ევანგელჱ თჳსი და წმიდანი იგი წიგნნი მოწამეთანი. და რაჟამს შევიდა იგი ტაძარსა მას, არა დაჯდა იგი თჳსსა მას გალიაკსა, არამედ სენაკსა შინა მცირესა. და აღიპყრა ჴელნი თჳსნი ზეცად წმიდამან შუშანიკ და თქუა: „უფალო ღმერთო, არცა მღდელთაგანი ვინ იპოვა მოწყალჱ, არცა ერისა კაცი ვინ გამოჩნდა შორის ერსა ამას, არამედ ყოველთა მე სიკუდილდ მიმითუალეს მტერსა ღმრთისასა ვარსქენს“."
6,"და შემდგომად ორისა დღისა მოვიდა მგელი იგი ტაძრად და ჰრქუა მსახურთა თჳსთა: „დღეს მე და ჯოჯიკ და ცოლმან მისმან ერთად პური ვჭამოთ, ხოლო სხუასა ნუ ვის უფლიედ ჩუენ თანა შემოსლვად“. და რაჟამს შემწუხრდა, მოუწოდეს ცოლსა ჯოჯიკისასა და ინებეს ერთად პურისა ჭამაჲ, რაჲთამცა მოიყვანეს წმიდაჲ შუშანიკცა. და ვითარცა მოიწია ჟამი პურისაჲ, შევიდეს ჯოჯიკ და ცოლი მისი წინაშე წმიდისა შუშანიკისა, რაჲთამცა მასცა აჭამეს პური, რამეთუ ყოველნი იგი დღენი უზმასა გარდაევლნეს. და ვითარცა მეტად აიძულეს და ძლით წარიყვანეს ტაძრად, ხოლო გემოჲ არა რაჲსაჲ იხილა. ხოლო ცოლმან ჯოჯიკისმან მიართუა ღჳნოჲ ჭიქითა და აიძულებდა მას, რაჲთამცა იგი ხოლო შესუა. ჰრქუა მას წმიდამან შუშანიკ რისხვით: „ოდეს ყოფილ არს აქამომდე, თუმცა მამათა და დედათა ერთად ეჭამა პური?!“. და განყარა ჴელი და ჭიქაჲ იგი პირსა შეალეწა და ღჳნოჲ იგი დაითხია.

მაშინ იწყო უჯეროსა გინებად ვარსქენ და ფერჴითა თჳსითა დასთრგუნვიდა მას; და აღიღო ასტამი, და უხეთქნა მას თავსა, და ჩაჰფლა, და თუალი ერთი დაუბუშტა; და მჯიღითა სცემდა პირსა მისსა უწყალოდა და თმითა მიმოითრევდა, ვითარცა მჴეცი მძჳნვარჱ ყიოდა და იზახდა ვითარცა ცოფი. მაშინ შუელად აღდგა ჯოჯიკ, ძმაჲ მისი, და იბრძოდეს, ვიდრემდის გუემა იგიცა, და კუბასტიცა თავსა მისსა მოხეთქა და ჭირით, ვითარცა კრავი მგელსა, გამოუღო ჴელთა მისთა. და ვითარცა მკუდარი იდვა წმიდაჲ შუშანიკ ქუეყანასა ზედა. და აგინებდა ვარსქენ თესლ-ტომსა მისსა და სახლისა მაოჴრებელად სახელ-სდებდა მას. და უბრძანა შეკრვაჲ მისი და ბორკილთა შესხმაჲ ფერჴთა მისთა.

და ვითარცა მცირედ და-რე-სცხრა გულის წყრომისაგან, მოვიდა სპარსი იგი და მჴურვალედ ევედრებოდა მას, რაჲთამცა საკრველთა მათგან განეტევა წმიდაჲ შუშანიკ. და ვითარ ფრიად ევედრებოდა, ბრძანა განტევებაჲ მისი და სენაკსა ერთსა შეყვანებაჲ და კრძალულად დაცვაჲ მისი ერთითა მსახურითა და რაჲთა სხუაჲ არვინ შევიდეს ხილვად მისა, - არცა მამაკაცი, არცა დედაკაცი."
7,"და ვითარცა ცისკარ ოდენ იყო, იკითხა და თქუა მსახურისა მიმართ მისისა, ვითარმედ: „წყლულებისა მისგან ვითარ არს?“. ხოლო მან ჰრქუა მას: „ვერ განსარინებელ არს იგი“. მაშინ თჳთ შევიდა და იხილა იგი და დაუკჳრდა დიდძალი იგი სიმსივნჱ მისი. და ამცნო მსახურსა მას და ჰრქუა: „ნუმცა ვინ შევალს ხილვად მისა“. და თჳთ ნადირობად წარვიდა.

ხოლო მე აღვდეგ და მივედ და ვარქუ მცველსა მას: „მე ხოლო მარტოჲ შემიტევე და ვიხილო წყლულებაჲ იგი მისი“. ხოლო მან მრქუა მე: „ნუუკუე ცნას და მომკლას მე“. და მე ვრქუ მას: „უბადრუკო, არა მისი განზრდილი ხარა? და თუცა მოგკლას შენ მისთჳს, რაჲ არს?!“. მაშინ შემიტევა მე ფარულად. და ვითარ შევედ შინა, ვიხილე ხატი მისი დაბძარული და განსივებული აღუტევე ჴმაჲ და ვტიროდე. ხოლო წმიდამან შუშანიკ მრქუა მე: „ნუ სტირ ჩემთჳს, რამეთუ დასაბამ სიხარულისა იქმნა ჩემდა ღამჱ ესე“. და მე ვარქუ წმიდასა შუშანიკს: „მიბრძანე და მოგბანო სისხლი ეგე პირსა შენსა და ნაცარი, რომელი თუალთა შენთა შთახუეულ არს, და სალბუნი და წამალი დაგდვა, რაჲთა, ჰე, ღა-მე-თუ განიკურნო!“. ხოლო წმიდამან შუშანიკ მრქუა მე: „ხუცეს, მაგას ნუ იტყჳ, რამეთუ სისხლი ესე გამწმედელ არს ცოდვათა ჩემთაჲ“.

ხოლო მე მცირედ ვაიძულე მიღებად ჭამადი, რომელი მოეძღუანა სამოელ ეპისკოპოსსა და იოვანეს, რამეთუ ფარულად იღუწიდეს და ნუგეშინის-სცემდეს. მაშინ მრქუა მე წმიდამან შუშანიკ: „ხუცეს, ვერ ძალ-მიც გემოჲს-ხილვად, რამეთუ ყბანი და ზოგნი კბილნი შთამუსრვილ არიან“. მაშინ მივიღე მცირედ ღჳნოჲ და პური დავალბე და მცირედ გემოჲ იხილა. და მე ვისწრაფდი გამოსლვად.

მაშინ მრქუა მე წმიდამან შუშანიკ: „ხუცეს, მიუძღუანოა სამკაული ესე მისი? ნუუკუე ითხოვდეს, რამეთუ მე ამას ცხორებასა არღარად მეჴმარების“. ხოლო მე ვარქუ: „ნუ რას ისწრაფი, იყოს შენ თანა“. და ჩუენღა ამას განვიზრახევდით, მოვიდა ყრმაჲ ერთი და თქუა: „იაკობ მანდა არსა?“. და მე ვარქუ, ვითარმედ „რაჲ გინებს?“. და მან მრქუა: „უწესს პიტიახში“. და მე დამიკჳრდა, თუ „რაჲსამე მიწესს ამას ჟამსა“. და მივისწრაფე და მივედ. და მან მრქუა მე: „უწყია, ხუცეს, მე ბრძოლად წარვალ ჰონთა ზედა. და ჩემი სამკაული მას არა დაუტეო, ოდეს იგი არა ჩემი ცოლი არს, - იპოოს ვინმე, რომელმან განკაფოს იგი. მივედ და მომართუ იგი ყოველივე, რაჲცა რაჲ არს“. ხოლო მე მივედ და უთხარ წმიდასა შუშანიკს. ხოლო მან განიხარა ფრიად და მადლი მისცა ღმერთსა და ყოველივე მომიძღუანა და მივართუ პიტიახშსა. და მან მიიღო ჩემგან, აღიხილა და იპოვა ყოველი გებულად. და კუალად თქუა: „მერმეცა იპოოს ვინმე, რომელმან ესე შეიმკოს“."
8,"და ვითარცა მოიწინეს დიდნი იგი მარხვანი, მივიდა ნეტარი იგი შუშანიკ მახლობელად წმიდასა ეკლესიასა და იძია მცირჱ სენაკი და მუნ დაეყუდა. და იყო სენაკსა მას მცირჱ სარკუმელი და დაყო იგი. და იყო იგი ბნელსა მას შინა მახრვით და ლოცვით და ტირილით. და ჰრქუა ვინმე პიტიახშსა საკუთარმან მისმან, ვითარმედ: „ამათ წმიდათა მარხვათა ნურას ეტყჳ მას“.

და ვითარ მოიწია აღვსებისა ორშაბათი და მოვიდა პიტიახში ბრძოლისა მისგან ჰონთაჲსა, ეშმაკი თხრიდა გულსა მისსა. და აღდგა, და მივიდა ეკლესიად და ეტყოდა ეპისკოპოსსა მას აფუცს: „გამომეც ცოლი ჩემი, რად განმაშორებ ჩემგან?“. და იწყო გინებად და გმობად ღმრთისა სასტიკად. ხოლო ხუცესმან ერთმან ჰრქუა მას: „უფალო, რაჲსა ეგრე იქმ და იტყჳ ეგრეთ ბოროტსა და აგინებ ეპისკოპოსსა და წმიდასა შუშანიკს რისხვით ეტყჳ?“. ხოლო მან უხეთქნა კუერთხითა ხუცესსა მას ზურგსა და მან ვერღარა იკადრა სიტყუად.

და ეგრეთ წმიდაჲ შუშანიკ თრევით მოითრია თიჴათა შიგან და ეკალთა ზედა, ეკლესიით ვიდრე ტაძრადმდე, ვითარცა მკუდარი მიეთრია. და ადგილდ-ადგილდ ქუე ძეძჳ დაეფინა. და თჳთ ფერჴნი დაიდგნის ძეძუსა მას ზედა, და კუბასტნი შუშანიკისნი და ჴორცნი წულილ-წულილად დაებძარნეს ძეძუსა მას. და ეგრეთ მოიყვანეს იგი ტაძრად. და უბრძანა შეკრვაჲ მისი და ცემაჲ, ბოროტებდა და იტყოდა: „აჰა ეგერა, არა გერგო შენ ეკლესიაჲ შენი და არცა ზურგნი ეგე შენნი ქრისტიანენი, და უფალი იგი მათი“. და ვითარცა სცეს კუერთხითა სამას ოდენ, არარაჲ აღმოჴდა პირსა მისსა ვაჲებაჲ, არცა კუნესაჲ. მაშინღა ჰრქუა წმიდამან შუშანიკ ურჩულოსა ვარსქენს: „უბადოო, შენღა თავი თჳსი არა შეიწყალე და განსდეგ ღმრთისაგან, შენ მემცა შემიწყალეა?!“.

და ვითარცა იხილა დიდძალი იგი სისხლი, რომელ დამოსდიოდა ჩჩჳლთა მათ ჴორცთა მისთა, მაშინ უბრძანა დადებად ჯაჭჳ ქედსა მისსა. და უბრძანა სენაკაპანსა ერთსა, რაჲთა წარიყვანონ წმიდაჲ შუშანიკ ციხედ, და საპყრობილესა ბნელსა შეაყენონ იგი და მოკუდეს."
9,"დიაკონი ვინმე ერთი მის ეპისკოპოსისაჲ დგა წმიდისა შუშანიკის თანა მას ჟამსა, რომელსა გამოჰყვანდა იგი ტაძრით, და უნდა, რაჲთამცა ჰრქუა, თუ „მტკიცედ დეგ!“. და თუალი ჰკიდა პიტიახშმან, სხუაჲ ვერღარაჲ სცალდა სიტყუად, ესთენ ოდენ ჰრქუა: „მტკი..“ და დადუმნა ხოლო და სივლტოლად იწყო სწრაფით.

მაშინ წარმოიყვანეს და მოჰყვანდა წმიდაჲ შუშანიკ უჴამური და თმაგარდატევებული ვითარცა ერთი ვინმე შეურაცხთაგანი, და ვერვინ იკადრა თავსა მისსა დაბურვად, რამეთუ პიტიახში იგი მჴედრ შეუდგა უკუანა კუალსა მისსა და აგინებდა მას მრავლითა გინებითა.

და მივიდოდა წმიდისა მის თანა ამბოხი მრავალი დედებისა და მამებისაჲ, სიმრავლჱ ურიცხჳ, რამეთუ უკუანა შეუდგეს, ჴმაჲ აღემაღლა და ტიროდეს, და იჴაჴდეს ღაწუთა მათთა და საწყალობელად დასთხევდეს ცრემლთა მათთა წმიდისა შუშანიკისთჳს. ხოლო წმიდამან შუშანიკ უკმოჰხედნა ერსა მას და ჰრქუა მათ: „ნუ სტირთ, ძმანო ჩემნო და დანო ჩემნო და შვილნო ჩემნო, არამედ ლოცვასა მომიჴსენეთ. და ჯმნულმცა ვარ მე თქუენგან ამიერითგან, რამეთუ არღარა მიხილოთ ცოცხალი გამოსრული ციხით“. და ვითარცა იხილა პიტიახშმან ამბოხი იგი ტირილი მამათაჲ და დედათაჲ მოხუცებულთა და ყრმათაჲ, მჴედრ მიმოდასდევნინ და მეოტ–ჰყოფნ მათ ყოველთა. და ვითარცა მიიწინეს ჴიდსა მას ციხისასა, ჰრქუა პიტიახშმან წმიდასა შუშანიკს: „შენდა ეგდენ ყოფად არს ფერჴითა შენითა სლვაჲ, რამეთუ ცოცხალი არღარა გამოსლვად ხარ, გარნა თუ ოთხთა გამოგიღონ“.

და ვითარცა შევიდეს ციხედ, პოვეს სახლაკი ერთი ჩრდილოჲთ კერძო, მცირჱ და ბნელი, და მუნ შეაყენეს წმიდაჲ იგი. და ჯაჭჳ იგი, რომელ ედვა ქედსა მისსა, ზედა ეგრეთვე ედვა, და დაჰბეჭდა ურჩულ[ო]მან ვარსქენ ბეჭდითა თჳსითა. ხოლო წმიდამან შუშანიკ თქუა: „მე ამას მხიარულ ვარ, რაჲთა აქა ვიტანჯო და მუნ განვისუენო“. ხოლო პიტიახშმან ჰრქუა მას: „ჰე, ჰე, განისუენე!“

მაშინ დაადგინნა მცველნი მის ზედა და ამცნო მათ, რაჲთა სიყმილითა მოკლან იგი. და ესრეთ ეტყოდა მათ: „გეტყჳ თქუენ, უკუეთუ ვინმე შევიდეს მისა მამაკაცი, გინა დედაკაცი, იხილენით თავნი თქუენნი და ცოლნი და შვილნი და სახლნი თქუენნი, უბრალომცა ვარ, რაჲ გიყო თქუენ“."
10,"მაშინ გამოვიდა ციხით. და მესამესა კჳრიაკესა მოუწოდა მცველსა ერთსა, ჰკითხა მას და ჰრქუა: „აქამომდე ცოცხალღა არსა საწყალობელი იგი?“. ხოლო მან ჰრქუა: „უფალო, სიკუდილდ კერძო უფრო საგონებელ არს, ვიდრე სიცოცხლით, რამეთუ შიმშილითა უფროჲს ხოლო მოკუდების, რამეთუ არარას მიიღებს საზრდელსა“. ხოლო მან ჰრქუა: „ნურა რაჲ გგლიან, უტე, მოკუდეს“.

ხოლო მე მრავლითა ვედრებითა ვარქუ მცველსა მას და უქადე ჭურჭერი ერთი სამისოჲ. და ძნიად თავს იდვა შეტევებაჲ ჩემი და მრქუა მე: „რაჟამს დაღამდეს, მოვედ შენ ხოლო მარტოჲ“. და ვითარ შემიყვანა მცველმან მან, და ვიხილე ტარიგი იგი ქრისტჱსი შუენიერად ვითარცა სძალი შემკული საკრველთა მათგან, და მე, ვითარ ვერ დამითმო გულმან, ვტიროდე ფრიად. ხოლო წმიდამან შუშანიკ მრქუა მე: „კეთილისა ამისთჳს სტირა, ხუცეს?“ ხოლო მცველმან მან მრქუა მე: „ესეღა თუმცა მეცნა, არამცა შემოგიტევე შენ“. ხოლო მე ვიწყე სიტყუად და განმტკიცებად მისა, რავდენი ღმერთმან მომცა მე სიტყუად. და ვიჯმენ მისგან და წარვედ სწრაფით ვანად ჩემდა.

ხოლო პიტიახში ჩორდ წარემართა. და ჯოჯიკ ძმაჲ მისი არა დახუდა, ოდეს საქმჱ ესე იქმნა წმიდისა შუშანიკის ზედა. და ვითარ მოიწია ჯოჯიკ, უკუანა სდევდა პიტიახშსა. და მიეწია მას საზღვართა ჰერეთისათა და ევედრებოდა მას ფრიად, რაჲთამცა ბრძანა საკრველთა მათგან განტევებაჲ მისი. და ვითარ ფრიად აწყინა, ბრძანა განტევებაჲ საკრველთაგან ოდენ. და ვითარ მოვიდა ჯოჯიკ, აღჰჴადა ჯაჭჳ იგი ქედსა მისსა, ხოლო ბორკილთაჲ არა თავს–იდვა წმიდამან შუშანიკ ვიდრე აღსასრულამდე მითურთ.

რამეთუ ექუსი წელი ციხესა მას შინა აღასრულა და წესიერებითა საღმრთოჲთა ყუაოდა: მარხვითა, მარადის მღჳძარებითა, ზედგომითა, თაყუანის-ცემითა უწყინოდ და კითხვითა წიგნთაჲთა მოუწყინებელად. განაბრწყინა და განაშუენა ყოველი იგი ციხჱ ს"
11,"და მიერითგან განითქუა ყოველსა ქართლსა საქმჱ მისი. და მოვიდოდეს მამანი და დედანი აღნათქუემთა შეწირვად და, რაჲ ვის უჴმდა, მიემადლებოდა წმიდითა ლოცვითა ნეტარისა შუშანიკისითა, რომელსა მოსცემდა მას კაცთ-მოყუარე ღმერთი: უშვილოთა შვილი, სნეულთა კურნებაჲ, ბრმათა თუალთა ა[ღ]ხილვაჲ.

იყო ვინმე დედაკაცი ერთი სპარსი მოგჳ, რომელსა განბორებისა სალმობაჲ აქუნდა. და მოვიდა იგი წმიდისა შუშანიკისა. ხოლო იგი ასწავებდა მას, რაჲთამცა დაუტევა მოგობაჲ იგი და იქმნა იგი ქრისტიანე. ხოლო დედაკაცმან მან თავს-იდვა ადრე-ადრე. და იგი ასწავებდა დედაკაცსა მას და ეტყოდა, ვითარმედ „მივედ იერუსალჱმდ და განსწმიდნე განბორებისა მაგისგან შენისა“. და მან გულსმოდგინედ შეიწყნარა და წარემართა გზასა მას სახელითა ღმრთისა ჩუენისა იესუ ქრისტჱსითა და განიკურნა იგი სალმობისა მისგან. და ვითარ გარემოიქცა იგი სიხარულითა დიდითა და მოიწია მუნვე, მოვიდა იგი წმიდისა შუშანიკისა მადლისა გარდაჴდად და წარვიდა სახიდ თჳსა სიხარულით განმრთელებული."
12,"ხოლო წმიდამან შუშანიკ ნაცვლად ჭიჭნაუხტისა საქმისა დიდითა გულსმოდგინებითა ჴელთა აღიხუნა დავითნი და მცირედთა დღეთა შემდგომად ასერგასისნი იგი ფსალმუნნი დაისწავლნა, რომლითა იგი დღჱ და ღამჱ ზესკნელისა მის მეუფისა მიმართ სათნოსა მას გალობასა შესწირვიდა ცრემლით.

და უთხრეს ნეტარსა შუშანიკს, ვითარმედ „შვილნი იგი შენნი მიაქცინა მოგობასა“. მაშინ იწყო თაყუანის-ცემად ღმრთისა მიმართ ტირილითა დიდითა და თავსა თჳსსა ქუე დამართ სცემდა. სულთ–ითქუნა და თქუა: „გმადლობ შენ, უფალო ღმერთო ჩემო, რამეთუ იყვნეს-ვე არა ჩემნი, არამედ შენნი მოცემულნი იყვნეს. ვითარცა გნებავს, იყავნ ნებაჲ შენი, უფალო, და მე დამიცევ საქმეთაგან მტერისათა“.

და მე მივედ და ვიხილე წმიდაჲ შუშანიკ დამშრშალი და დაბუშებული ტირილითა. და რამთუ მოეძღუანა წმიდასა მას ეპისკოპოსსა საზრდელი და ვითარ ფრიად ვაიძულე, მცირედ ოდენ გემოჲ იხილა და ვჰმადლობდით ღმერთსა. და ვიდრე მუნ ჟამადმდე მოვიდიან შვილნი იგი მისნი ხილვად დედისა თჳსისა; ხოლო რაჟამს მიაქცინეს და უვარ-ყვეს ღმერთი, ვერღარა იკადრეს ხილვად მისა, არამედ სახელიცა მათი სძაგდა სმენად."
13,"და მერმე მოციქულნი მოავლინნა პიტიახშმან და ჰრქუა: „ანუ ნებაჲ ჩემი ყავ და მოვედ ტაძრად; უკუეთუ არა მოხვიდე შინა, ჩორდ წარგცე შენ ანუ კარად კარაულითა“. ხოლო წმიდამან შუშანიკ მიჰრქუა ესრეთ: „უბადოო და უგულისჴმოო, ხოლო მე თუ კარად ანუ ჩორდ წარმცე, ვინ უწყის, თუ მუნ კეთილსა რასმე შევემთხჳო და ბოროტსა ამას განვერე“. და გულსა ეტყოდა პიტიახში იგი სიტყუათა მათთჳს, ვითარ-იგი ჰრქუა მას, ვითარმედ „ვინ უწყის, თუ კეთილსა რასმე მივემთხჳო“, ვითარმედ „ნუუკუე მთავართაგანსა ვისმე ეცოლოს“. და მიერითგან არღარავინ მიავლინა მისა. ხოლო წმიდაჲ შუშანიკ ბოროტთა მათ გუემათა და თმენათათჳს იტყოდა, რაჲთამცა სათნო-ეყო ღმერთსა.

ხოლო პიტიახშმან გამოარჩია ძუძუჲსმტჱ მისი საკუთარი, რაჲთა მოიყვანოს იგი ტაძრად. და ვითარცა ჰრქუა კაცმან მან: „ისმინე ჩემი და ჩამოვედ ტაძრად, და ნუ აოჴრებ სახლსა მას თქუენსა“, ჰრქუა მას წმიდამან შუშანიკ: „არქუ მას უღმრთოსა, ვითარმედ „შენ მომკალ და მარქუ მე: ცოცხალითა ფერჴითა არა გამოხვიდე შენ მაგიერ ციხით“. ხოლო აწ, უკუეთუ შემძლებელ ხარ მკუდარსა აღდგინებად, პირველად დედაჲ შენი აღადგინე, რომელი ურდს დამარხულ არს, გარნა თუ მისა ვერ შემძლებელ ხარ აღდგინებად, ვერცა ჩემდა შემძლებელ ხარ განყვანებად, გარნა თრევით გამითრიო“. და ვითარცა მიუთხრეს პიტიახშსა სიტყუაჲ იგი და მან თქუა: „ნანდჳლვე ვთქუ ეგე!“

და მეორესა დღესა შემო-ვინმე-ვიდა და ჰრქუა წმიდასა შუშანიკს: „კეთილად მიუგე მას სიტყუაჲ იგი, რამეთუ მაგით სახით ეგულვებოდა შეტყუვილი შენი და მას სხუაჲ ზრახვაჲ გულსა მოეჴადა სიბოროტისაჲ შენთჳს“. წმიდამან შუშანიკ ჰრქუა მას: „და შენ ღმერთი ძილსა შინა ნუ გგონიეს, რომელმან განუმზადნის სიტყუანი პირსა კაცისასა, რამეთუ იტყჳს თჳთ უფალი: „მე მიუგო სიტყუაჲ თქუენ წილ“."
14,"და ვითარცა აღივსებოდა მეექუსჱ იგი წელი საპყრობილესა მას შინა, ჯეკმა დამაშურალობითა შრომათა მათ შინა სიმჴნისა მისისაჲთა სენი სნეულებისაჲ მოიწია მის ზედა, რომელსა-იგი წინაჲსწარ უღაღადებდი და ვეტყოდე, ვითარმედ „ნუ ჯეკმა, რამეთუ დაუმძიმებ ჴორცთა მაგათ ზედა, რამეთუ ვერ დაგითმონ და მერმე ვერღარას შემძლებელ იყო ყოფად რაჲსმე საქმედ კეთილსა ეგოდენითა მაგით ფიცხლად მარხვითა და მარადის ზედგომითა და ღამე ყოველ დაშრომითა, ფსალმუნებითა და გალობითა“. და არცაღა მცირედ სადა სცა ჴორცთა მისთა განსუენებაჲ, და შეიქმნა და დადნა ვითარცა ავლი.

ხოლო დიდთა მათ მარხვათა აღვსებისათა ერგასისთა მათ დღეთა, ექუსთა წელთა შინა არცა დღისი, არცა ღამჱ არა დაჯდის ქუე, არცა დაიძინის, არცა საჭმელი რაჲ მიიღის, გარნა დღესა ხოლო კჳრიაკესა ეზიარის ჴორცსა და სისხლსა ქრისტჱს ღმრთისა ჩუენისასა; და მცირედ ოდენ წუენი მხალისა შექმნული - იგიცა მცირედ - მიიღის, ხოლო პურისა გემოჲ არა იხილის, ვიდრე აღვსებადმდე.

და მიერ დღითგან, ვინაჲთგან პყრობილ-ყვეს იგი ციხესა მას შინა, სასთაულსა ზედა თავი არა მიდვის, გარნა ალიზაკი ერთი დაიდვის სასთუნალ და ქუესაგებელად იყო გირჯაკი ერთი ძუელი და კაცთა თუალსა - სასთაულაკი ერთი ხალენისა უცნ სასთუნლით კერძო. და თაყუანის-საცემელად კილიკი ერთი მცირჱ ქუე წარუგდებიედ, და გრწყილი და ტილი მოუგონებელი ადგილსა მას დასხმულ იყო.

ჟამსა ზაფხულისასა ცეცხლებრ შემწუელი იგი მჴურვალებაჲ მზისაჲ, ქარნი ხორშაკნი და წყალნი მავნებელნი, რომლისა მკჳდრნიცა მის ადგილისანი სავსენი სენითა, წყლითა განსივებულნი და განყვითლებულნი, დაწერტილნი და დამშრშალნი და დამღიერებულნი, ჩარადოვანნი, პირ-მსივანნი და დღე-მოკლედ ცხორებულნი; და მოხუცებული არა ვინ არს მათ ქუეყანათა. და ესეთსა მას ციხესა შინა ექუს წელ პყრობილ იყო და მძიმეთა მათ საკრველთა შინა ადიდებდა ღმერთსა."
15,"და ვითარცა მეშჳდჱ წელი დადგებოდა, მოიწია წმიდისა და სამგზის სანატრელისა შუშანიკის ზედა წყლულებაჲცა ჴორცთა მისთაჲ და დაუცხრომელად შრომათა მათ გამო დაუსივდეს ფერჴნი მისნი და თხრამლი აღმოსდიოდა ადგილდ-ადგილდ. და წყლულებანი დიდ-დიდნი იყვნეს და მატლიცა დასხმულ იყო წყლულთა მათ, რომელ-იგი აღიღო ჴელითა თჳსითა და მიჩუენებდა მე და ჰმადლობდა ღმერთსა. და თქუა: „ხუცეს, ნუ მძიმე გიჩნ ესე, რამეთუ მუნ იგი მატლი უდიდჱს არს და არა მოკუდების“. და მე, ვითარცა ვიხილე მატლი იგი, მოუგონებელად დიდად მწუხარე ვიყავ და ვტიროდე ფრიად. მრქუა მე რისხვით: „ხუცეს, რად მწუხარე ხარ? ვიდრე უკუდავთა მათ მატლთა შეჭმასა, უმჯობჱს იყავნ ამათ მოკუდავთა შეჭმა აქავე ამას ცხორებასა“. და მე მიუგე და ვარქუ: „ძაძისა სამოსელი მცირედღა შეგერაცხაა საგუემელად? და აწ მატლთა მაგათთჳს მხიარულ ხარ!“. და მან მრქუა მე ქენებით: „ნუვის თანა იტყჳ ძაძისა სამოსლისათჳს ცხორებასა ჩემსა, რამეთუ ადრე ყოფად არს დატევებაჲ უბადრუკთა ამათ ჴორცთა ჩემთაჲ“. რამეთუ შინაგან ძაძაჲ ემოსა და არავინ იცოდა ჩემსა გარეშე, ხოლო გარეგან კაცთა თუალსა ანტიოქიისა პალეკარტი ემოსა."
16,"და ვითარცა ესმა ჯოჯიკს, ვითარმედ მიახლებულ არს ნეტარი დედოფალი წმიდაჲ შუშანიკ სიკუდილდ, წარვიდა და თანა წარიყვანნა ცოლი და შვილნი და მონა-მჴევალნი მისნი. და მივიდა ციხედ ხილვად სანატრელისა შუშანიკ მარტჳლისა. და ვითარცა მიიწია, მძლავრ შე-ხოლო-ვიდა და თაყუანის-სცა პატიოსანსა ჯუარსა და მოიკითხა წმიდაჲ შუშანიკ, თან-დაუჯდა და ჰკითხვიდა სალმობათა მათთჳს. ხოლო წმიდამან მან ჰრქუა: „კეთილ ვარ, ვითარ ღმერთსა უნებს, არამედ ყოველთა წარსავალსა მას გზასა მეც წარვალ“.

ხოლო ჯოჯიკ მსწრაფლ აღდგა ზე, პირველთა მათ უწესოთა საქმეთა აღუარებდა და ევედრებოდა წმიდასა შუშანიკს და ეტყოდა: „სძალო და მჴევალო ქრისტჱსო, ითხოვე ღმრთისაგან, რაჲთა მომიტევნეს მე მრავალნი შეცოდებანი ჩემნი“. ხოლო წმიდამან შუშანიკ ჰრქუა მას: „თუ შენ სხუად სახედ ყრმებრ არარაჲ ჰქმნე, ღმერთმან მოგიტევნეს შენ“. და ჯოჯიკ ჰრქუა: „მაგის სახისათჳს მოვედ მე შენდა, რაჲთა, რომელი–იგი არა რაჲმე სათნო იყოს ღმრთისა, არა ვქმნე“. წმიდამან შუშანიკ ჰრქუა: „უკუეთუ ეგე ეგრეთ ჰყო შენ, უკუდავ მექმნე მე მაგით სიტყჳთა და ღმერთმან შესძინენ დღეთა ცხორებისა შენისათა“.

და მერმე, ვითარ შეატყუა ჯოჯიკ, ვითარმედ მას დღესა განვალეს წმიდაჲ იგი ჴორცთა ამათგან, ჰრქუა: „მაკურთხე მე და ცოლი ჩემი, მჴევალი შენი, და შვილნი ჩემნი და მონა-მჴევალნი ჩემნი, და, თუ რაჲმე შეგცოდეთ ვითარცა კაცთა საწუთროჲსათა და სოფლის მოყუარეთა, მოგჳტევენ და ნუ მოიჴსენებ მედგრობათა ჩემთა“. ხოლო წმიდამან შუშანიკ ჰრქუა ჯოჯიკს და ცოლსა მისსა: „ჰყავთ წარმდებად საქმჱ ესე ჩემი, რამეთუ არავინ იპოვა კაცთაგანი, რომელსამცა აქუნდა წყალობაჲ და ტკივილი ჩემთჳს, რომელმანმცა შეაჯერა უღმრთოსა მას საწუთროსა მეუღლესა“. ხოლო მათ ჰრქუეს: „ჩუენ თჳნიერ შენსა ფრიად დავშუერით. გარნა არა იყო სმენაჲ, არცა სიტყუაჲ“, მაშინ ჰრქუა წმიდამან შუშანიკ: „განვისაჯნეთ მე და ვარსქენ პიტიახში მუნ სადა-იგი არა არს თუალღებაჲ, წინაშე მსაჯულისა მის მსაჯულთაჲსა და მეუფისა მის მეუფეთაჲსა, სადა არა არს რჩევაჲ მამაკაცისა და დედაკაცისაჲ, სადა მე და მან სწორი სიტყუაჲ ვთქუათ წინაშე უფლისა ჩუენისა იესუ ქრისტჱსა; მიაგოს მას უფალმან, ვითარ მან უჟამოდ ნაყოფნი ჩემნი მოისთულნა და სანთელი ჩემი დაშრიტა და ყუავილი ჩემი დააჭნო, შუენიერებაჲ სიკეთისა ჩემისაჲ დააბნელა და დიდებაჲ ჩემი დაამდაბლა. და ღმერთმან საჯოს მის შორის და ჩემ შორის. ხოლო მე აწ ამას ვჰმადლობ ღმერთსა, რამეთუ ტანჯვითა მისითა მე ლხინებაჲ ვპოვო, და გუემათა და თრევათა მისთათჳს მე განსუენებასა მივემთხჳო, და უგულისჴმოებისა და უწყალოებისა მისისათჳს მე წყალობასა მოველი იესუ ქრისტჱს მიერ უფლისა ჩემისა“.

ხოლო იგინი ამას ყოველსა სიტყუასა მისსა ზედა ტიროდეს მწარედ და ჰრქუეს: „მოგჳტევენ ბრალნი ჩუენნი და გუაკურთხენ, წმიდაო მოწამეო და მარტჳლო სანატრელო ქრისტჱს ღმრთისაო“. ხოლო წმიდამან შუშანიკ ჰრქუა: „ღმერთმან მიგიტევენინ, რომელ–რაჲ-იგი ჰყავთ“. მაშინღა აკურთხნა ჯოჯიკ და ცოლი და შვილნი მისნი და მონა-მჴევალნი მისნი და ყოველი ეზოჲ და პალატი მისი. და ამცნებდა სლვად გზათა ღმრთისათა და ეტყოდა, ვითარმედ „ესე ყოველი ცხორებაჲ ვითარცა ყუავილი ველთაჲ წარმავალ არს და დაუდგრომელ, და ვინ სთესა - მოიმკო და ვინ განაბნია გლახაკთათჳს - შეიკრიბა, და რომელმან წარიწყმიდოს თავი თჳსი, მან პოოს იგი, რომელმან ადიდა იგი“. და უჯმნა და გამოგზავნნა იგინი მშჳდობით."
17,"მერმე, შემდგომად ჯოჯიკისა, მოიწია თავი იგი ეპისკოპოსთაჲ სამოელ და იოვანე ეპისკოპოსი, მისივე მოყუასი, რომელ-იგი იყვნეს განმამტკიცებელ და დიდად დამაშურალ, სახლეულითურთ თანაყოფით იყვნეს მონა, და მონაწილე იყვნეს და თანაზიარ შრომათა მისთა; მადლობით წარჰგზავნიდეს ნავთსადგურისა მის მიმართ ქრისტჱსისა. მსგავსად მისვე სახისა აზნაურნი დიდ-დიდნი და ზეპურნი დედანი, აზნაურნი და უაზნონი სოფლისა ქართლისანი მოვიდეს. ეგრეთვე, რომელნი-იგი გულს-მოდგინებით მონაწილე ყოფილ იყვნეს შრომათა მათ მისთა სანატრელობით, ვითარცა ახოვანსა მჴნესა მიჰვედრიდეს ქრისტესა.

და თხოვასა ერთსა ითხოვდეს მისგან ყოველნი იგი ეპისკოპოსნი და აზნაურნი ერთბამად, რაჲთა ბორკილი იგი ფერჴთაჲ ბრძანოს საცოდ და ნაკურთხევად ყოველთათჳს, რომლისათჳსცა ჰრქუა წმიდამან შუშანიკ, ვითარმედ „მე რაჲ ვარ, არა ღირსი ესე? ხოლო ღმრთის-მოყუარებისა თქუენისათჳს ხუცესმან აღივსენ წადილი თქუენი მაგის სახისათჳს. ხოლო მე რაჲმე-რაჲ შემძლებელ ვარ, არამედ ყოვლად-სავსემან ქრისტემან აღგავსენინ თქუენ ყოვლითა კეთილითა, რომელნი ესე ჩემთჳს მოშუერით და ეზიარენით ვნებათა ამათ ჩემთა და ჭირთა და ტანჯვათა. ხოლო მე, საყუარელნო, აჰა ესერა, წინაგანმზადებულსა მას გზასა წარვალ საუკუნესა. ჭირისა ამის წილ ჩემისა ქრისტემან მომმადლოს მე სიხარული, სატანჯველთა ამათ წილ განსუენებაჲ, გუემათა ამათ ჩემთა და თრევათა და შეურაცხებათა - მივემთხჳო მე დიდებასა და პატივსა ცათა შინა დაუსრულებელსა”. და იგინი ჯმნულნი, ცრემლითა სავსენი, ძლევისა მისთჳს დიდებას ღმრთისა მიმართ შესწირვიდეს და გამოვიდეს ციხით და წარვიდეს."
18,"და მოიწია დღჱ იგი წოდებისა მისისაჲ.და მოუწოდა ეპისკოპოსსა მისისა სახლისასა აფოცს და მადლსა მისცემდა მისა მიმართ მოწლებისა მისისათჳს ვითარცა მამასა და მამამძუძესა. შემვედრა მე, კაცი ცოდვილი და გლახაკი ესე და შეჰვედრებდა ნეშტთა მათ ძუალთა მისთასა და უბრძანებდა დასხმად ადგილსა მას. ვინაჲცა-იგი პირველად გამოითრიეს და ეტყოდა: „უკუეთუ ღირს რჲმე ვარ უკუანაჲსკნელი ესე მეათერთმეტჱ მოქმედი ვენაჴისაჲ, იყვენით ყოველნი კურთხეულ უკუნისამდე ჟამთა“.

და ჰმადლობდა ღმერთსა და თქუა: „კურთხეულ არს უფალი ღმერთი ჩემი, რამეთუ მშჳდობით მას ზედა დავწევ და დავიძინე“. და შეჰვედრა სული თჳსი უფალსა ყოველთა შემწყნარებელსა."
19,"და მაშინღა ადრე–ადრე მოიღო სანატრელმან მან ეპისკოპოსმან იოვანე შესაგრაგნელად სუდარი წმიდაჲ წმიდათა მათ და პატიოსანთა ნაწილთა მისთაჲ და ეგრეთ სხუათა მათ აღვიღეთ გუამი იგი ფრიად დამაშურალი და დაჭმული მატლთა, და განვბანეთ იგი მატლისა მისგან მიწოვანისა და თხრამლისაგან, და შევჰმოსეთ მჩურითა მით.

და მაშინღა ეპისკოპოსთა მათ ორთავე. იოვანე და აფოც, ვითარცა ჴართა მჴნეთა დაუღლვილთა ზესკნელისა მის ფასისათა, ყოვლით კრებულითურთ ფსალმუნითა სულიერითა და კეროვნითა აღნთებულითა და საკუმეველითა სულნელითა აღვიხუენით პატიოსანნი ძუალნი და გამოვიხუენით წმიდასა მას ეკლესიასა. და დავჰკრძალენით წმიდანი იგი და დიდებულნი და პატივცემულნი ნაწილნი წმიდისა შუშანიკისნი განმზადებულსა მას ადგილსა. და მას ღამესა ანგელოზთა სახედ ღამჱ იგი განვათიეთ და დავითის ქნარითა მით ყოვლად ძლიერსა ღმერთსა და ძესა მისსა უფალსა ჩუენსა იესუ ქრისტესა ვადიდებდით, რომელი ყოვლითა ყოველთა მიმართ შემძლებელ არს და განაქველნის მამანიცა და დედანიცა და თჳსთა მათ თჳსი იგი ძლიერებისა ძლევაჲ მიჰმადლის ყოველთა, რომელნი ეძიებენ მას ერთითა გულითა."
20,"და არს დასაბამი ტანჯვათა მათ წმიდისა შუშანიკისთაჲ თთუესა აპნისისასა, მერვესა თთჳსასა და დღესა ოთხშაბათსა; და მეორედ გუემაჲ მისი შემდგომად აღუსებისა ზატიკსა, დღესა ორშაბათსა; და კუალად ტანჯვაჲ ვარდობისა თთუესა ათცხრამეტსა. და აღსრულებაჲ მისი თთუესა ოკდონბერსა ათჩჳდმეტსა, საჴსენებელსა წმიდათა მათ და სანატრელთა მოწამეთა კოზმან და დამიანჱსთა. და დღჱ ხუთშაბათი იყო, რომელსა განვაწესეთ საჴსენებელი წმიდისა შუშანიკისი სადიდებლად და საქებელად ღმრთისა, მამისა და ძისა და სულისა წმიდისა, რომლისა შუენის დიდებაჲ უკუნითი უკუნისამდე. ამჱნ."
